2026-08-29 09:29:27 [INFO] uvh_test.main: Processing video: work/converted/tvc5_gokul_rd_cam1_20260716_0900-0945.mp4
2026-08-29 09:29:27 [INFO] uvh_test.detector: Loading YOLO model from /storage/users/oauser/mvsa/models/UVH-26/weights/YOLOv11-S/UVH-26-MV-YOLOv11-S.pt
2026-08-29 09:29:27 [INFO] uvh_test.detector: Loaded 14 classes.
2026-08-29 09:29:27 [INFO] uvh_test.main: goods_crops: save-all mode -- every frame of every Goods Vehicle track will be written to disk
2026-08-29 09:29:31 [DEBUG] uvh_test.counter: track_id: 3, frame: 69, previous_bottom_center: (1550.375244140625, 685.68616), current_bottom_center: (1617.0377197265625, 636.4528), previous_side: -51.79, current_side: 29.63, side_transition: True, crossing_result: True, direction: A_TO_B
2026-08-29 09:29:31 [DEBUG] uvh_test.main: frame=69 COUNTED track_id=3 class=Two-wheeler
2026-08-29 09:29:34 [DEBUG] uvh_test.counter: track_id: 5, frame: 270, previous_bottom_center: (1276.296875, 383.59796), current_bottom_center: (1300.2293701171875, 379.39786), previous_side: -16.33, current_side: 3.01, side_transition: True, crossing_result: True, direction: A_TO_B
2026-08-29 09:29:34 [DEBUG] uvh_test.main: frame=270 COUNTED track_id=5 class=Two-wheeler
2026-08-29 09:29:36 [DEBUG] uvh_test.counter: track_id: 6, frame: 350, previous_bottom_center: (1283.091064453125, 388.17358), current_bottom_center: (1306.3734130859375, 384.04022), previous_side: -15.07, current_side: 3.78, side_transition: True, crossing_result: True, direction: A_TO_B
2026-08-29 09:29:36 [INFO] uvh_test.counter: SAFETY NET REJECTION: Rejecting tid=6 as duplicate of class Two-wheeler, prev_tid=5, dist=7.7px, thresh=150.0px, bbox_size=118.5x111.4
2026-08-29 09:29:37 [DEBUG] uvh_test.counter: track_id: 9, frame: 445, previous_bottom_center: (1306.4931640625, 395.22452), current_bottom_center: (1330.919189453125, 390.38788), previous_side: -4.35, current_side: 15.80, side_transition: True, crossing_result: True, direction: A_TO_B
2026-08-29 09:29:37 [DEBUG] uvh_test.main: frame=445 COUNTED track_id=9 class=SUV
2026-08-29 09:29:41 [DEBUG] uvh_test.counter: track_id: 14, frame: 652, previous_bottom_center: (1296.45849609375, 390.5575), current_bottom_center: (1316.989990234375, 386.4175), previous_side: -7.74, current_side: 9.25, side_transition: True, crossing_result: True, direction: A_TO_B
2026-08-29 09:29:41 [DEBUG] uvh_test.main: frame=652 COUNTED track_id=14 class=Two-wheeler
2026-08-29 09:29:42 [DEBUG] uvh_test.counter: track_id: 19, frame: 704, previous_bottom_center: (1595.9827880859375, 672.60394), current_bottom_center: (1642.664794921875, 635.94604), previous_side: -11.21, current_side: 47.41, side_transition: True, crossing_result: True, direction: A_TO_B
2026-08-29 09:29:42 [DEBUG] uvh_test.main: frame=704 COUNTED track_id=19 class=Two-wheeler
2026-08-29 09:29:42 [DEBUG] uvh_test.counter: track_id: 15, frame: 709, previous_bottom_center: (1318.619140625, 425.88226), current_bottom_center: (1350.351806640625, 417.28183), previous_side: -18.60, current_side: 9.27, side_transition: True, crossing_result: True, direction: A_TO_B
2026-08-29 09:29:42 [INFO] uvh_test.counter: SAFETY NET REJECTION: Rejecting tid=15 as duplicate of class Two-wheeler, prev_tid=14, dist=45.4px, thresh=150.0px, bbox_size=142.6x130.5
2026-08-29 09:29:42 [DEBUG] uvh_test.counter: track_id: 25, frame: 719, previous_bottom_center: (1466.7431640625, 576.2389), current_bottom_center: (1498.3140869140625, 546.55164), previous_side: -28.30, current_side: 14.93, side_transition: True, crossing_result: True, direction: A_TO_B
2026-08-29 09:29:42 [DEBUG] uvh_test.main: frame=719 COUNTED track_id=25 class=Sedan
2026-08-29 09:29:45 [DEBUG] uvh_test.counter: track_id: 47, frame: 884, previous_bottom_center: (1418.3045654296875, 505.58328), current_bottom_center: (1444.9189453125, 493.87732), previous_side: -9.36, current_side: 17.31, side_transition: True, crossing_result: True, direction: A_TO_B
2026-08-29 09:29:45 [DEBUG] uvh_test.main: frame=884 COUNTED track_id=47 class=SUV
2026-08-29 09:29:46 [DEBUG] uvh_test.counter: track_id: 36, frame: 893, previous_bottom_center: (1327.4095458984375, 413.41092), current_bottom_center: (1356.2996826171875, 406.787), previous_side: -3.48, current_side: 21.01, side_transition: True, crossing_result: True, direction: A_TO_B
2026-08-29 09:29:46 [INFO] uvh_test.counter: SAFETY NET REJECTION: Rejecting tid=36 as duplicate of class SUV, prev_tid=47, dist=124.3px, thresh=150.0px, bbox_size=272.4x136.9
2026-08-29 09:29:46 [DEBUG] uvh_test.counter: track_id: 54, frame: 932, previous_bottom_center: (1320.9697265625, 430.3662), current_bottom_center: (1355.40673828125, 421.02365), previous_side: -20.30, current_side: 9.95, side_transition: True, crossing_result: True, direction: A_TO_B
2026-08-29 09:29:46 [DEBUG] uvh_test.main: frame=932 COUNTED track_id=54 class=Two-wheeler
2026-08-29 09:29:47 [DEBUG] uvh_test.counter: track_id: 56, frame: 959, previous_bottom_center: (1277.834228515625, 385.89795), current_bottom_center: (1298.884765625, 381.624), previous_side: -16.97, current_side: 0.46, side_transition: True, crossing_result: True, direction: A_TO_B
2026-08-29 09:29:47 [INFO] uvh_test.counter: SAFETY NET REJECTION: Rejecting tid=56 as duplicate of class Two-wheeler, prev_tid=54, dist=68.9px, thresh=150.0px, bbox_size=135.6x110.0
2026-08-29 09:29:49 [DEBUG] uvh_test.counter: track_id: 62, frame: 1059, previous_bottom_center: (1509.18701171875, 600.00543), current_bottom_center: (1545.1796875, 599.93427), previous_side: -16.90, current_side: 7.60, side_transition: True, crossing_result: True, direction: A_TO_B
2026-08-29 09:29:49 [DEBUG] uvh_test.main: frame=1059 COUNTED track_id=62 class=Bus
2026-08-29 09:29:49 [DEBUG] uvh_test.counter: track_id: 58, frame: 1062, previous_bottom_center: (1558.2783203125, 647.8949), current_bottom_center: (1595.267578125, 647.82526), previous_side: -18.69, current_side: 6.49, side_transition: True, crossing_result: True, direction: A_TO_B
2026-08-29 09:29:49 [INFO] uvh_test.counter: SAFETY NET REJECTION: Rejecting tid=58 as duplicate of class Bus, prev_tid=62, dist=69.3px, thresh=344.1px, bbox_size=458.8x384.4
2026-08-29 09:29:49 [DEBUG] uvh_test.counter: track_id: 59, frame: 1064, previous_bottom_center: (1600.5076904296875, 695.8403), current_bottom_center: (1639.8251953125, 663.9355), previous_side: -25.18, current_side: 24.94, side_transition: True, crossing_result: True, direction: A_TO_B
2026-08-29 09:29:49 [INFO] uvh_test.counter: SAFETY NET REJECTION: Rejecting tid=59 as duplicate of class Bus, prev_tid=62, dist=114.3px, thresh=344.2px, bbox_size=459.0x384.4
2026-08-29 09:29:49 [DEBUG] uvh_test.counter: track_id: 63, frame: 1066, previous_bottom_center: (1555.694091796875, 648.0027), current_bottom_center: (1589.74169921875, 582.7669), previous_side: -20.53, current_side: 50.47, side_transition: True, crossing_result: True, direction: A_TO_B
2026-08-29 09:29:49 [INFO] uvh_test.counter: SAFETY NET REJECTION: Rejecting tid=63 as duplicate of class Bus, prev_tid=62, dist=47.8px, thresh=344.3px, bbox_size=459.0x384.5
2026-08-29 09:29:50 [DEBUG] uvh_test.counter: track_id: 65, frame: 1146, previous_bottom_center: (1284.652587890625, 393.07867), current_bottom_center: (1308.0146484375, 388.44678), previous_side: -17.61, current_side: 1.66, side_transition: True, crossing_result: True, direction: A_TO_B
2026-08-29 09:29:50 [DEBUG] uvh_test.main: frame=1146 COUNTED track_id=65 class=Two-wheeler
2026-08-29 09:29:51 [DEBUG] uvh_test.counter: track_id: 67, frame: 1173, previous_bottom_center: (1547.847900390625, 695.73145), current_bottom_center: (1634.275634765625, 659.657), previous_side: -60.88, current_side: 24.31, side_transition: True, crossing_result: True, direction: A_TO_B
2026-08-29 09:29:51 [DEBUG] uvh_test.counter: track_id: 71, frame: 1173, previous_bottom_center: (1547.5244140625, 599.7141), current_bottom_center: (1517.9771728515625, 599.95264), previous_side: 9.36, current_side: -10.89, side_transition: True, crossing_result: True, direction: B_TO_A
2026-08-29 09:29:51 [DEBUG] uvh_test.main: frame=1173 COUNTED track_id=67 class=Truck
2026-08-29 09:29:51 [DEBUG] uvh_test.main: frame=1173 COUNTED track_id=71 class=Truck
2026-08-29 09:29:51 [DEBUG] uvh_test.counter: track_id: 68, frame: 1174, previous_bottom_center: (1550.36474609375, 647.8471), current_bottom_center: (1600.024169921875, 647.75415), previous_side: -24.03, current_side: 9.77, side_transition: True, crossing_result: True, direction: A_TO_B
2026-08-29 09:29:51 [INFO] uvh_test.counter: SAFETY NET REJECTION: Rejecting tid=68 as duplicate of class Truck, prev_tid=67, dist=36.3px, thresh=300.0px, bbox_size=458.9x384.3
2026-08-29 09:29:56 [DEBUG] uvh_test.counter: track_id: 88, frame: 1403, previous_bottom_center: (1506.9183349609375, 695.74146), current_bottom_center: (1605.130126953125, 591.1688), previous_side: -88.69, current_side: 54.76, side_transition: True, crossing_result: True, direction: A_TO_B
2026-08-29 09:29:56 [DEBUG] uvh_test.main: frame=1403 COUNTED track_id=88 class=MUV
2026-08-29 09:29:56 [DEBUG] uvh_test.counter: track_id: 81, frame: 1412, previous_bottom_center: (1373.79443359375, 453.54245), current_bottom_center: (1404.72900390625, 451.73105), previous_side: -1.42, current_side: 20.93, side_transition: True, crossing_result: True, direction: A_TO_B
2026-08-29 09:29:56 [DEBUG] uvh_test.main: frame=1412 COUNTED track_id=81 class=Bus
2026-08-29 09:29:56 [DEBUG] uvh_test.counter: track_id: 78, frame: 1416, previous_bottom_center: (1466.023681640625, 550.3412), current_bottom_center: (1501.416015625, 550.512), previous_side: -9.78, current_side: 14.13, side_transition: True, crossing_result: True, direction: A_TO_B
2026-08-29 09:29:56 [INFO] uvh_test.counter: SAFETY NET REJECTION: Rejecting tid=78 as duplicate of class Bus, prev_tid=81, dist=138.2px, thresh=334.1px, bbox_size=445.5x384.3
2026-08-29 09:29:56 [DEBUG] uvh_test.counter: track_id: 77, frame: 1418, previous_bottom_center: (1418.65771484375, 503.3481), current_bottom_center: (1451.27783203125, 503.36063), previous_side: -7.48, current_side: 14.67, side_transition: True, crossing_result: True, direction: A_TO_B
2026-08-29 09:29:56 [INFO] uvh_test.counter: SAFETY NET REJECTION: Rejecting tid=77 as duplicate of class Bus, prev_tid=81, dist=69.5px, thresh=343.5px, bbox_size=458.1x384.3
2026-08-29 09:29:56 [INFO] uvh_test.counter: SAFETY NET MERGE: Merging current tid=90 into lost_tid=90, dist=41.5px
2026-08-29 09:29:56 [INFO] uvh_test.counter: SAFETY NET REJECTION (MERGE PATH): Rejecting tid=90 as duplicate of class Bus, prev_tid=81, dist=4.1px, thresh=344.2px
2026-08-29 09:30:00 [DEBUG] uvh_test.counter: track_id: 103, frame: 1635, previous_bottom_center: (1590.21923828125, 677.1656), current_bottom_center: (1638.402587890625, 647.48944), previous_side: -18.47, current_side: 36.04, side_transition: True, crossing_result: True, direction: A_TO_B
2026-08-29 09:30:00 [DEBUG] uvh_test.main: frame=1635 COUNTED track_id=103 class=Two-wheeler
2026-08-29 09:30:00 [DEBUG] uvh_test.counter: track_id: 94, frame: 1645, previous_bottom_center: (1392.1392822265625, 506.33594), current_bottom_center: (1440.282470703125, 481.49448), previous_side: -27.69, current_side: 23.25, side_transition: True, crossing_result: True, direction: A_TO_B
2026-08-29 09:30:00 [DEBUG] uvh_test.main: frame=1645 COUNTED track_id=94 class=SUV
2026-08-29 09:30:02 [DEBUG] uvh_test.counter: track_id: 110, frame: 1780, previous_bottom_center: (1607.9501953125, 681.3028), current_bottom_center: (1623.27880859375, 681.6662), previous_side: -9.46, current_side: 0.69, side_transition: True, crossing_result: True, direction: A_TO_B
2026-08-29 09:30:02 [DEBUG] uvh_test.counter: track_id: 111, frame: 1780, previous_bottom_center: (1560.514892578125, 627.80524), current_bottom_center: (1587.489013671875, 593.15326), previous_side: -2.43, current_side: 41.32, side_transition: True, crossing_result: True, direction: A_TO_B
2026-08-29 09:30:02 [DEBUG] uvh_test.main: frame=1780 COUNTED track_id=110 class=Sedan
2026-08-29 09:30:02 [DEBUG] uvh_test.main: frame=1780 COUNTED track_id=111 class=Hatchback
2026-08-29 09:30:05 [DEBUG] uvh_test.counter: track_id: 113, frame: 1878, previous_bottom_center: (1314.89697265625, 423.64716), current_bottom_center: (1342.4566650390625, 416.00427), previous_side: -19.49, current_side: 4.84, side_transition: True, crossing_result: True, direction: A_TO_B
2026-08-29 09:30:05 [DEBUG] uvh_test.main: frame=1878 COUNTED track_id=113 class=Two-wheeler
2026-08-29 09:30:10 [DEBUG] uvh_test.counter: track_id: 118, frame: 1920, previous_bottom_center: (1291.2529296875, 387.21606), current_bottom_center: (1306.1484375, 384.43152), previous_side: -8.82, current_side: 3.34, side_transition: True, crossing_result: True, direction: A_TO_B
2026-08-29 09:30:10 [DEBUG] uvh_test.main: frame=1920 COUNTED track_id=118 class=MUV
2026-08-29 09:30:10 [INFO] uvh_test.counter: SAFETY NET MERGE: Merging current tid=124 into lost_tid=121, dist=61.1px
2026-08-29 09:30:10 [DEBUG] uvh_test.main: frame=1922 COUNTED track_id=124 class=tempo-traveller
2026-08-29 09:30:13 [DEBUG] uvh_test.counter: track_id: 128, frame: 2011, previous_bottom_center: (1645.178955078125, 742.2936), current_bottom_center: (1652.453125, 659.57404), previous_side: -28.92, current_side: 36.72, side_transition: True, crossing_result: True, direction: A_TO_B
2026-08-29 09:30:13 [DEBUG] uvh_test.main: frame=2011 COUNTED track_id=128 class=MUV
2026-08-29 09:30:23 [DEBUG] uvh_test.counter: track_id: 136, frame: 2149, previous_bottom_center: (1366.18115234375, 454.81207), current_bottom_center: (1401.709228515625, 454.90823), previous_side: -7.52, current_side: 16.55, side_transition: True, crossing_result: True, direction: A_TO_B
2026-08-29 09:30:23 [DEBUG] uvh_test.main: frame=2149 COUNTED track_id=136 class=Bus
2026-08-29 09:30:24 [DEBUG] uvh_test.counter: track_id: 143, frame: 2163, previous_bottom_center: (1388.10986328125, 467.028), current_bottom_center: (1427.661865234375, 455.4701), previous_side: -1.59, current_side: 33.77, side_transition: True, crossing_result: True, direction: A_TO_B
2026-08-29 09:30:24 [DEBUG] uvh_test.counter: track_id: 142, frame: 2163, previous_bottom_center: (1342.3033447265625, 504.75644), current_bottom_center: (1603.089599609375, 352.70612), previous_side: -60.39, current_side: 228.36, side_transition: True, crossing_result: True, direction: A_TO_B
2026-08-29 09:30:24 [INFO] uvh_test.counter: TEMPORAL DEDUP: Rejecting tid=142 as temporal fragment: Fragment of Bus that crossed 14 frames ago, spatial_dist=225.8px
2026-08-29 09:30:24 [DEBUG] uvh_test.main: frame=2163 COUNTED track_id=143 class=Two-wheeler
2026-08-29 09:30:27 [DEBUG] uvh_test.counter: track_id: 147, frame: 2242, previous_bottom_center: (1607.018310546875, 731.693), current_bottom_center: (1650.020263671875, 698.76306), previous_side: -47.07, current_side: 6.31, side_transition: True, crossing_result: True, direction: A_TO_B
2026-08-29 09:30:27 [DEBUG] uvh_test.main: frame=2242 COUNTED track_id=147 class=Two-wheeler
2026-08-29 09:30:29 [DEBUG] uvh_test.counter: track_id: 152, frame: 2347, previous_bottom_center: (1340.610595703125, 445.20877), current_bottom_center: (1380.185546875, 433.71835), previous_side: -17.85, current_side: 17.47, side_transition: True, crossing_result: True, direction: A_TO_B
2026-08-29 09:30:29 [DEBUG] uvh_test.main: frame=2347 COUNTED track_id=152 class=Truck
2026-08-29 09:30:31 [DEBUG] uvh_test.counter: track_id: 157, frame: 2423, previous_bottom_center: (1335.0037841796875, 421.7673), current_bottom_center: (1371.002197265625, 413.66394), previous_side: -4.45, current_side: 25.95, side_transition: True, crossing_result: True, direction: A_TO_B
2026-08-29 09:30:31 [DEBUG] uvh_test.main: frame=2423 COUNTED track_id=157 class=Two-wheeler
2026-08-29 09:30:39 [DEBUG] uvh_test.counter: track_id: 161, frame: 2864, previous_bottom_center: (1310.429931640625, 397.26193), current_bottom_center: (1340.855712890625, 390.37097), previous_side: -3.17, current_side: 22.56, side_transition: True, crossing_result: True, direction: A_TO_B
2026-08-29 09:30:39 [DEBUG] uvh_test.main: frame=2864 COUNTED track_id=161 class=tempo-traveller
2026-08-29 09:30:42 [DEBUG] uvh_test.counter: track_id: 166, frame: 3001, previous_bottom_center: (1382.4573974609375, 543.5684), current_bottom_center: (1622.950927734375, 395.8409), previous_side: -61.59, current_side: 210.20, side_transition: True, crossing_result: True, direction: A_TO_B
2026-08-29 09:30:42 [DEBUG] uvh_test.main: frame=3001 COUNTED track_id=166 class=Bus
2026-08-29 09:30:44 [DEBUG] uvh_test.counter: track_id: 171, frame: 3078, previous_bottom_center: (1299.7484130859375, 399.98846), current_bottom_center: (1327.53271484375, 394.20248), previous_side: -12.42, current_side: 10.70, side_transition: True, crossing_result: True, direction: A_TO_B
2026-08-29 09:30:44 [DEBUG] uvh_test.main: frame=3078 COUNTED track_id=171 class=Two-wheeler
2026-08-29 09:30:44 [DEBUG] uvh_test.counter: track_id: 173, frame: 3098, previous_bottom_center: (1346.744873046875, 428.97287), current_bottom_center: (1368.995361328125, 422.5743), previous_side: -1.76, current_side: 18.05, side_transition: True, crossing_result: True, direction: A_TO_B
2026-08-29 09:30:44 [INFO] uvh_test.counter: SAFETY NET REJECTION: Rejecting tid=173 as duplicate of class Two-wheeler, prev_tid=171, dist=50.2px, thresh=150.0px, bbox_size=146.7x130.9
2026-08-29 09:30:45 [DEBUG] uvh_test.counter: track_id: 179, frame: 3143, previous_bottom_center: (1610.591796875, 643.374), current_bottom_center: (1601.860595703125, 683.4945), previous_side: 20.17, current_side: -15.20, side_transition: True, crossing_result: True, direction: B_TO_A
2026-08-29 09:30:45 [DEBUG] uvh_test.main: frame=3143 COUNTED track_id=179 class=Truck
2026-08-29 09:30:45 [DEBUG] uvh_test.counter: track_id: 177, frame: 3145, previous_bottom_center: (1647.8763427734375, 656.736), current_bottom_center: (1616.7119140625, 686.3979), previous_side: 35.69, current_side: -7.24, side_transition: True, crossing_result: True, direction: B_TO_A
2026-08-29 09:30:45 [INFO] uvh_test.counter: SAFETY NET REJECTION: Rejecting tid=177 as duplicate of class Truck, prev_tid=179, dist=15.1px, thresh=300.0px, bbox_size=436.7x388.6
2026-08-29 09:30:46 [INFO] uvh_test.counter: SAFETY NET MERGE: Merging current tid=176 into lost_tid=176, dist=92.9px
2026-08-29 09:30:46 [INFO] uvh_test.counter: SAFETY NET REJECTION (MERGE PATH): Rejecting tid=176 as duplicate of class Truck, prev_tid=179, dist=14.3px, thresh=289.2px
2026-08-29 09:30:47 [DEBUG] uvh_test.counter: track_id: 178, frame: 3221, previous_bottom_center: (1674.906494140625, 599.724), current_bottom_center: (933.1922607421875, 647.9708), previous_side: 95.89, current_side: -443.42, side_transition: True, crossing_result: False, direction: None
2026-08-29 09:30:48 [DEBUG] uvh_test.counter: track_id: 200, frame: 3244, previous_bottom_center: (1464.89208984375, 549.6184), current_bottom_center: (1500.0828857421875, 549.84436), previous_side: -10.02, current_side: 13.72, side_transition: True, crossing_result: True, direction: A_TO_B
2026-08-29 09:30:48 [DEBUG] uvh_test.main: frame=3244 COUNTED track_id=200 class=Bus
2026-08-29 09:30:50 [DEBUG] uvh_test.counter: track_id: 178, frame: 3326, previous_bottom_center: (1367.400634765625, 499.08862), current_bottom_center: (1439.0263671875, 498.9979), previous_side: -39.18, current_side: 9.55, side_transition: True, crossing_result: True, direction: A_TO_B
2026-08-29 09:30:50 [INFO] uvh_test.counter: SAFETY NET REJECTION: Rejecting tid=178 as duplicate of class Bus, prev_tid=200, dist=79.5px, thresh=343.5px, bbox_size=458.0x384.4
2026-08-29 09:30:50 [DEBUG] uvh_test.counter: track_id: 208, frame: 3328, previous_bottom_center: (1411.228271484375, 547.26404), current_bottom_center: (1487.8955078125, 547.6564), previous_side: -44.75, current_side: 7.04, side_transition: True, crossing_result: True, direction: A_TO_B
2026-08-29 09:30:50 [INFO] uvh_test.counter: SAFETY NET REJECTION: Rejecting tid=208 as duplicate of class Bus, prev_tid=200, dist=12.4px, thresh=342.2px, bbox_size=456.2x384.3
2026-08-29 09:30:54 [DEBUG] uvh_test.counter: track_id: 215, frame: 3552, previous_bottom_center: (1280.83447265625, 386.58746), current_bottom_center: (1312.9892578125, 380.7007), previous_side: -15.44, current_side: 10.72, side_transition: True, crossing_result: True, direction: A_TO_B
2026-08-29 09:30:54 [DEBUG] uvh_test.main: frame=3552 COUNTED track_id=215 class=Two-wheeler
2026-08-29 09:30:56 [DEBUG] uvh_test.counter: track_id: 216, frame: 3649, previous_bottom_center: (1286.689208984375, 387.33597), current_bottom_center: (1304.33154296875, 384.49356), previous_side: -12.01, current_side: 2.06, side_transition: True, crossing_result: True, direction: A_TO_B
2026-08-29 09:30:56 [DEBUG] uvh_test.main: frame=3649 COUNTED track_id=216 class=bicycle
2026-08-29 09:30:57 [DEBUG] uvh_test.counter: track_id: 217, frame: 3686, previous_bottom_center: (1335.546875, 428.30066), current_bottom_center: (1372.0562744140625, 418.7002), previous_side: -8.88, current_side: 22.97, side_transition: True, crossing_result: True, direction: A_TO_B
2026-08-29 09:30:57 [INFO] uvh_test.counter: SAFETY NET REJECTION: Rejecting tid=217 as duplicate of class Two-wheeler, prev_tid=215, dist=70.2px, thresh=150.0px, bbox_size=137.3x131.3
2026-08-29 09:31:01 [DEBUG] uvh_test.counter: track_id: 219, frame: 3904, previous_bottom_center: (1273.98779296875, 396.06702), current_bottom_center: (1314.9931640625, 388.25085), previous_side: -27.05, current_side: 6.55, side_transition: True, crossing_result: True, direction: A_TO_B
2026-08-29 09:31:01 [DEBUG] uvh_test.main: frame=3904 COUNTED track_id=219 class=Two-wheeler
2026-08-29 09:31:03 [DEBUG] uvh_test.counter: track_id: 220, frame: 3976, previous_bottom_center: (1305.8961181640625, 391.31174), current_bottom_center: (1328.9754638671875, 386.37823), previous_side: -1.88, current_side: 17.42, side_transition: True, crossing_result: True, direction: A_TO_B
2026-08-29 09:31:03 [INFO] uvh_test.counter: SAFETY NET REJECTION: Rejecting tid=220 as duplicate of class Two-wheeler, prev_tid=219, dist=14.1px, thresh=150.0px, bbox_size=132.2x118.1
2026-08-29 09:31:06 [DEBUG] uvh_test.counter: track_id: 227, frame: 4123, previous_bottom_center: (1326.72705078125, 478.2612), current_bottom_center: (1385.99951171875, 460.86542), previous_side: -51.53, current_side: 1.50, side_transition: True, crossing_result: True, direction: A_TO_B
2026-08-29 09:31:06 [DEBUG] uvh_test.main: frame=4123 COUNTED track_id=227 class=Two-wheeler
2026-08-29 09:31:09 [DEBUG] uvh_test.counter: track_id: 228, frame: 4321, previous_bottom_center: (1295.968505859375, 424.7761), current_bottom_center: (1337.736083984375, 414.78778), previous_side: -33.18, current_side: 2.52, side_transition: True, crossing_result: True, direction: A_TO_B
2026-08-29 09:31:09 [DEBUG] uvh_test.main: frame=4321 COUNTED track_id=228 class=Two-wheeler
2026-08-29 09:31:13 [DEBUG] uvh_test.counter: track_id: 231, frame: 4460, previous_bottom_center: (1462.673828125, 547.5885), current_bottom_center: (1506.388427734375, 548.009), previous_side: -10.04, current_side: 19.35, side_transition: True, crossing_result: True, direction: A_TO_B
2026-08-29 09:31:13 [DEBUG] uvh_test.counter: track_id: 234, frame: 4460, previous_bottom_center: (1420.07470703125, 505.33972), current_bottom_center: (1458.851806640625, 499.85913), previous_side: -7.98, current_side: 22.39, side_transition: True, crossing_result: True, direction: A_TO_B
2026-08-29 09:31:13 [INFO] uvh_test.counter: SAFETY NET REJECTION: Rejecting tid=234 as duplicate of class Truck, prev_tid=231, dist=67.7px, thresh=300.0px, bbox_size=455.6x384.3
2026-08-29 09:31:13 [DEBUG] uvh_test.main: frame=4460 COUNTED track_id=231 class=Truck
2026-08-29 09:31:13 [DEBUG] uvh_test.counter: track_id: 233, frame: 4463, previous_bottom_center: (1474.0938720703125, 547.08624), current_bottom_center: (1510.220947265625, 547.5867), previous_side: -1.91, current_side: 22.26, side_transition: True, crossing_result: True, direction: A_TO_B
2026-08-29 09:31:13 [INFO] uvh_test.counter: SAFETY NET REJECTION: Rejecting tid=233 as duplicate of class Truck, prev_tid=231, dist=3.9px, thresh=300.0px, bbox_size=439.1x384.3
2026-08-29 09:31:13 [DEBUG] uvh_test.counter: track_id: 240, frame: 4463, previous_bottom_center: (1510.7294921875, 599.68195), current_bottom_center: (1550.0877685546875, 599.67914), previous_side: -15.62, current_side: 11.12, side_transition: True, crossing_result: True, direction: A_TO_B
2026-08-29 09:31:13 [INFO] uvh_test.counter: SAFETY NET REJECTION: Rejecting tid=240 as duplicate of class Truck, prev_tid=231, dist=67.7px, thresh=300.0px, bbox_size=458.9x384.3
2026-08-29 09:31:13 [DEBUG] uvh_test.counter: track_id: 241, frame: 4463, previous_bottom_center: (1410.927978515625, 503.75687), current_bottom_center: (1450.745361328125, 503.73996), previous_side: -13.03, current_side: 14.03, side_transition: True, crossing_result: True, direction: A_TO_B
2026-08-29 09:31:13 [INFO] uvh_test.counter: SAFETY NET REJECTION: Rejecting tid=241 as duplicate of class Truck, prev_tid=231, dist=71.1px, thresh=300.0px, bbox_size=459.0x384.3
2026-08-29 09:31:15 [DEBUG] uvh_test.counter: track_id: 242, frame: 4563, previous_bottom_center: (1316.3597412109375, 404.48807), current_bottom_center: (1347.49169921875, 397.10608), previous_side: -4.44, current_side: 22.13, side_transition: True, crossing_result: True, direction: A_TO_B
2026-08-29 09:31:15 [DEBUG] uvh_test.main: frame=4563 COUNTED track_id=242 class=Two-wheeler
2026-08-29 09:31:17 [DEBUG] uvh_test.counter: track_id: 246, frame: 4680, previous_bottom_center: (1275.7218017578125, 374.46442), current_bottom_center: (1295.1385498046875, 370.73834), previous_side: -10.02, current_side: 5.91, side_transition: True, crossing_result: True, direction: A_TO_B
2026-08-29 09:31:17 [INFO] uvh_test.counter: SAFETY NET REJECTION: Rejecting tid=246 as duplicate of class Two-wheeler, prev_tid=242, dist=58.6px, thresh=150.0px, bbox_size=114.1x105.1
2026-08-29 09:31:19 [DEBUG] uvh_test.counter: track_id: 253, frame: 4766, previous_bottom_center: (1639.86279296875, 754.7534), current_bottom_center: (1654.722412109375, 705.0175), previous_side: -41.67, current_side: 4.92, side_transition: True, crossing_result: True, direction: A_TO_B
2026-08-29 09:31:19 [DEBUG] uvh_test.counter: track_id: 254, frame: 4766, previous_bottom_center: (1594.1036376953125, 695.71594), current_bottom_center: (1606.49560546875, 658.4058), previous_side: -29.44, current_side: 6.35, side_transition: True, crossing_result: True, direction: A_TO_B
2026-08-29 09:31:19 [INFO] uvh_test.counter: SAFETY NET REJECTION: Rejecting tid=254 as duplicate of class Three-wheeler, prev_tid=253, dist=67.1px, thresh=150.0px, bbox_size=459.1x384.4
2026-08-29 09:31:19 [DEBUG] uvh_test.main: frame=4766 COUNTED track_id=253 class=Three-wheeler
2026-08-29 09:31:19 [DEBUG] uvh_test.counter: track_id: 250, frame: 4767, previous_bottom_center: (1579.92333984375, 644.7512), current_bottom_center: (1630.2159423828125, 611.33563), previous_side: -1.68, current_side: 57.01, side_transition: True, crossing_result: True, direction: A_TO_B
2026-08-29 09:31:19 [INFO] uvh_test.counter: SAFETY NET REJECTION: Rejecting tid=250 as duplicate of class Three-wheeler, prev_tid=253, dist=96.8px, thresh=150.0px, bbox_size=321.4x271.2
2026-08-29 09:31:20 [DEBUG] uvh_test.counter: track_id: 251, frame: 4791, previous_bottom_center: (1313.572265625, 405.81894), current_bottom_center: (1339.557373046875, 399.51834), previous_side: -7.31, current_side: 14.97, side_transition: True, crossing_result: True, direction: A_TO_B
2026-08-29 09:31:20 [DEBUG] uvh_test.main: frame=4791 COUNTED track_id=251 class=Two-wheeler
2026-08-29 09:31:20 [DEBUG] uvh_test.counter: track_id: 259, frame: 4830, previous_bottom_center: (1623.200439453125, 694.4554), current_bottom_center: (1657.58056640625, 667.319), previous_side: -8.75, current_side: 34.52, side_transition: True, crossing_result: True, direction: A_TO_B
2026-08-29 09:31:20 [DEBUG] uvh_test.main: frame=4830 COUNTED track_id=259 class=Two-wheeler
2026-08-29 09:31:21 [DEBUG] uvh_test.counter: track_id: 261, frame: 4890, previous_bottom_center: (1301.451416015625, 391.08737), current_bottom_center: (1321.45361328125, 387.19296), previous_side: -4.74, current_side: 11.71, side_transition: True, crossing_result: True, direction: A_TO_B
2026-08-29 09:31:21 [INFO] uvh_test.counter: SAFETY NET REJECTION: Rejecting tid=261 as duplicate of class Two-wheeler, prev_tid=251, dist=21.9px, thresh=150.0px, bbox_size=133.8x116.2
2026-08-29 09:31:24 [DEBUG] uvh_test.counter: track_id: 262, frame: 5022, previous_bottom_center: (1290.99169921875, 383.56638), current_bottom_center: (1312.8890380859375, 380.0), previous_side: -6.32, current_side: 11.17, side_transition: True, crossing_result: True, direction: A_TO_B
2026-08-29 09:31:24 [DEBUG] uvh_test.main: frame=5022 COUNTED track_id=262 class=Two-wheeler
2026-08-29 09:31:28 [DEBUG] uvh_test.counter: track_id: 265, frame: 5233, previous_bottom_center: (1282.19970703125, 381.4797), current_bottom_center: (1303.6668701171875, 378.2349), previous_side: -10.77, current_side: 6.20, side_transition: True, crossing_result: True, direction: A_TO_B
2026-08-29 09:31:28 [DEBUG] uvh_test.main: frame=5233 COUNTED track_id=265 class=Two-wheeler
[h264 @ 0x5624ae029b00] cabac decode of qscale diff failed at 109 12
[h264 @ 0x5624ae029b00] error while decoding MB 109 12, bytestream 253538
[h264 @ 0x5624ae029b00] Frame num change from 0 to 1
[h264 @ 0x5624ae029b00] decode_slice_header error
[h264 @ 0x5624ae029b00] Frame num change from 0 to 2
[h264 @ 0x5624ae029b00] decode_slice_header error
[h264 @ 0x5624b49dd2c0] Frame num change from 8 to 9
[h264 @ 0x5624b49dd2c0] decode_slice_header error
2026-08-29 09:31:29 [DEBUG] uvh_test.counter: track_id: 267, frame: 5332, previous_bottom_center: (1278.30859375, 408.07883), current_bottom_center: (1318.0379638671875, 399.73462), previous_side: -32.93, current_side: 0.19, side_transition: True, crossing_result: True, direction: A_TO_B
2026-08-29 09:31:29 [INFO] uvh_test.counter: SAFETY NET REJECTION: Rejecting tid=267 as duplicate of class Two-wheeler, prev_tid=265, dist=25.9px, thresh=150.0px, bbox_size=129.8x127.8
2026-08-29 09:31:35 [DEBUG] uvh_test.counter: track_id: 269, frame: 5631, previous_bottom_center: (1302.18505859375, 387.6564), current_bottom_center: (1326.185302734375, 383.54205), previous_side: -1.72, current_side: 17.60, side_transition: True, crossing_result: True, direction: A_TO_B
2026-08-29 09:31:35 [DEBUG] uvh_test.main: frame=5631 COUNTED track_id=269 class=Two-wheeler
2026-08-29 09:31:36 [DEBUG] uvh_test.counter: track_id: 270, frame: 5679, previous_bottom_center: (1313.40234375, 397.7195), current_bottom_center: (1345.4072265625, 391.67715), previous_side: -1.48, current_side: 24.69, side_transition: True, crossing_result: True, direction: A_TO_B
2026-08-29 09:31:36 [INFO] uvh_test.counter: SAFETY NET REJECTION: Rejecting tid=270 as duplicate of class Two-wheeler, prev_tid=269, dist=20.9px, thresh=150.0px, bbox_size=131.6x116.4
2026-08-29 09:31:37 [DEBUG] uvh_test.counter: track_id: 271, frame: 5750, previous_bottom_center: (1280.2373046875, 384.80832), current_bottom_center: (1306.406005859375, 379.6848), previous_side: -14.54, current_side: 7.00, side_transition: True, crossing_result: True, direction: A_TO_B
2026-08-29 09:31:37 [INFO] uvh_test.counter: SAFETY NET REJECTION: Rejecting tid=271 as duplicate of class Two-wheeler, prev_tid=269, dist=20.2px, thresh=150.0px, bbox_size=121.3x104.5
2026-08-29 09:31:38 [DEBUG] uvh_test.counter: track_id: 272, frame: 5798, previous_bottom_center: (1284.5601806640625, 382.54507), current_bottom_center: (1302.902099609375, 378.59714), previous_side: -9.94, current_side: 5.41, side_transition: True, crossing_result: True, direction: A_TO_B
2026-08-29 09:31:38 [DEBUG] uvh_test.main: frame=5798 COUNTED track_id=272 class=Two-wheeler
2026-08-29 09:31:38 [DEBUG] uvh_test.counter: track_id: 274, frame: 5814, previous_bottom_center: (1324.65625, 428.35568), current_bottom_center: (1362.508056640625, 418.2746), previous_side: -16.32, current_side: 16.80, side_transition: True, crossing_result: True, direction: A_TO_B
2026-08-29 09:31:38 [INFO] uvh_test.counter: SAFETY NET REJECTION: Rejecting tid=274 as duplicate of class Two-wheeler, prev_tid=272, dist=71.6px, thresh=150.0px, bbox_size=138.9x132.4
2026-08-29 09:31:40 [DEBUG] uvh_test.counter: track_id: 277, frame: 5898, previous_bottom_center: (1348.0631103515625, 453.7214), current_bottom_center: (1385.065185546875, 443.19028), previous_side: -19.03, current_side: 13.84, side_transition: True, crossing_result: True, direction: A_TO_B
2026-08-29 09:31:40 [INFO] uvh_test.counter: SAFETY NET REJECTION: Rejecting tid=277 as duplicate of class Two-wheeler, prev_tid=272, dist=104.5px, thresh=150.0px, bbox_size=151.0x151.5
2026-08-29 09:31:43 [DEBUG] uvh_test.counter: track_id: 285, frame: 6067, previous_bottom_center: (1548.1474609375, 656.75616), current_bottom_center: (1635.1185302734375, 641.69604), previous_side: -32.08, current_side: 38.06, side_transition: True, crossing_result: True, direction: A_TO_B
2026-08-29 09:31:43 [DEBUG] uvh_test.main: frame=6067 COUNTED track_id=285 class=tempo-traveller
2026-08-29 09:31:43 [DEBUG] uvh_test.counter: track_id: 286, frame: 6068, previous_bottom_center: (1605.667236328125, 695.72784), current_bottom_center: (1570.902099609375, 623.9443), previous_side: -21.59, current_side: 7.46, side_transition: True, crossing_result: True, direction: A_TO_B
2026-08-29 09:31:43 [INFO] uvh_test.counter: SAFETY NET REJECTION: Rejecting tid=286 as duplicate of class tempo-traveller, prev_tid=285, dist=66.6px, thresh=300.0px, bbox_size=459.2x384.5
2026-08-29 09:31:44 [DEBUG] uvh_test.counter: track_id: 289, frame: 6141, previous_bottom_center: (1296.48291015625, 391.54123), current_bottom_center: (1321.6048583984375, 386.49844), previous_side: -8.45, current_side: 12.32, side_transition: True, crossing_result: True, direction: A_TO_B
2026-08-29 09:31:44 [DEBUG] uvh_test.main: frame=6141 COUNTED track_id=289 class=Two-wheeler
2026-08-29 09:31:45 [DEBUG] uvh_test.counter: track_id: 291, frame: 6178, previous_bottom_center: (1297.814697265625, 391.40268), current_bottom_center: (1324.91748046875, 386.21283), previous_side: -7.44, current_side: 14.78, side_transition: True, crossing_result: True, direction: A_TO_B
2026-08-29 09:31:45 [INFO] uvh_test.counter: SAFETY NET REJECTION: Rejecting tid=291 as duplicate of class Two-wheeler, prev_tid=289, dist=3.3px, thresh=150.0px, bbox_size=126.7x112.4
2026-08-29 09:31:48 [DEBUG] uvh_test.counter: track_id: 294, frame: 6332, previous_bottom_center: (1337.782958984375, 431.29352), current_bottom_center: (1372.0029296875, 422.06256), previous_side: -9.56, current_side: 20.47, side_transition: True, crossing_result: True, direction: A_TO_B
2026-08-29 09:31:48 [DEBUG] uvh_test.main: frame=6332 COUNTED track_id=294 class=Two-wheeler
2026-08-29 09:31:51 [DEBUG] uvh_test.counter: track_id: 296, frame: 6534, previous_bottom_center: (1314.023681640625, 396.97104), current_bottom_center: (1340.705322265625, 391.979), previous_side: -0.51, current_side: 21.28, side_transition: True, crossing_result: True, direction: A_TO_B
2026-08-29 09:31:51 [DEBUG] uvh_test.main: frame=6534 COUNTED track_id=296 class=Two-wheeler
2026-08-29 09:31:57 [DEBUG] uvh_test.counter: track_id: 299, frame: 6860, previous_bottom_center: (1271.6942138671875, 382.6135), current_bottom_center: (1298.370361328125, 377.63046), previous_side: -18.74, current_side: 3.04, side_transition: True, crossing_result: True, direction: A_TO_B
2026-08-29 09:31:57 [DEBUG] uvh_test.main: frame=6860 COUNTED track_id=299 class=Two-wheeler
2026-08-29 09:32:00 [DEBUG] uvh_test.counter: track_id: 301, frame: 7028, previous_bottom_center: (1345.167724609375, 429.36996), current_bottom_center: (1378.210693359375, 419.25372), previous_side: -3.13, current_side: 26.75, side_transition: True, crossing_result: True, direction: A_TO_B
2026-08-29 09:32:00 [DEBUG] uvh_test.main: frame=7028 COUNTED track_id=301 class=Two-wheeler
2026-08-29 09:32:00 [DEBUG] uvh_test.counter: track_id: 302, frame: 7031, previous_bottom_center: (1554.879638671875, 756.8981), current_bottom_center: (1643.2470703125, 697.8714), previous_side: -100.98, current_side: 2.36, side_transition: True, crossing_result: True, direction: A_TO_B
2026-08-29 09:32:00 [DEBUG] uvh_test.main: frame=7031 COUNTED track_id=302 class=Three-wheeler
2026-08-29 09:32:00 [DEBUG] uvh_test.counter: track_id: 311, frame: 7052, previous_bottom_center: (1403.0743408203125, 498.2519), current_bottom_center: (1443.11328125, 479.72763), previous_side: -14.33, current_side: 26.46, side_transition: True, crossing_result: True, direction: A_TO_B
2026-08-29 09:32:00 [DEBUG] uvh_test.main: frame=7052 COUNTED track_id=311 class=Sedan
2026-08-29 09:32:01 [DEBUG] uvh_test.counter: track_id: 319, frame: 7082, previous_bottom_center: (1283.838623046875, 406.6089), current_bottom_center: (1383.201904296875, 385.63693), previous_side: -28.09, current_side: 54.80, side_transition: True, crossing_result: True, direction: A_TO_B
2026-08-29 09:32:01 [DEBUG] uvh_test.main: frame=7082 COUNTED track_id=319 class=tempo-traveller
2026-08-29 09:32:01 [DEBUG] uvh_test.counter: track_id: 321, frame: 7104, previous_bottom_center: (1579.3758544921875, 652.55615), current_bottom_center: (1621.527099609375, 601.53375), previous_side: -7.78, current_side: 58.30, side_transition: True, crossing_result: True, direction: A_TO_B
2026-08-29 09:32:01 [DEBUG] uvh_test.counter: track_id: 324, frame: 7104, previous_bottom_center: (1628.8797607421875, 695.79126), current_bottom_center: (1656.112548828125, 695.81055), previous_side: -5.87, current_side: 12.62, side_transition: True, crossing_result: True, direction: A_TO_B
2026-08-29 09:32:01 [INFO] uvh_test.counter: SAFETY NET REJECTION: Rejecting tid=324 as duplicate of class Truck, prev_tid=321, dist=100.4px, thresh=300.0px, bbox_size=459.1x384.5
2026-08-29 09:32:01 [DEBUG] uvh_test.main: frame=7104 COUNTED track_id=321 class=Truck
2026-08-29 09:32:04 [DEBUG] uvh_test.counter: track_id: 327, frame: 7222, previous_bottom_center: (1271.4886474609375, 378.7324), current_bottom_center: (1293.53466796875, 374.74857), previous_side: -16.03, current_side: 1.87, side_transition: True, crossing_result: True, direction: A_TO_B
2026-08-29 09:32:04 [DEBUG] uvh_test.main: frame=7222 COUNTED track_id=327 class=Two-wheeler
[h264 @ 0x5624b43fcc80] left block unavailable for requested intra mode
[h264 @ 0x5624b43fcc80] error while decoding MB 0 18, bytestream 237643
2026-08-29 09:32:06 [INFO] uvh_test.counter: SAFETY NET MERGE: Merging current tid=328 into lost_tid=328, dist=74.8px
2026-08-29 09:32:06 [DEBUG] uvh_test.main: frame=7331 COUNTED track_id=328 class=Bus
2026-08-29 09:32:10 [DEBUG] uvh_test.counter: track_id: 334, frame: 7549, previous_bottom_center: (1253.92578125, 385.75372), current_bottom_center: (1320.36376953125, 373.92197), previous_side: -33.11, current_side: 20.71, side_transition: True, crossing_result: True, direction: A_TO_B
2026-08-29 09:32:10 [DEBUG] uvh_test.main: frame=7549 COUNTED track_id=334 class=Two-wheeler
2026-08-29 09:32:11 [DEBUG] uvh_test.counter: track_id: 342, frame: 7601, previous_bottom_center: (1520.78173828125, 596.26105), current_bottom_center: (1550.783447265625, 572.5971), previous_side: -6.28, current_side: 31.47, side_transition: True, crossing_result: True, direction: A_TO_B
2026-08-29 09:32:11 [DEBUG] uvh_test.main: frame=7601 COUNTED track_id=342 class=SUV
2026-08-29 09:32:11 [DEBUG] uvh_test.counter: track_id: 341, frame: 7602, previous_bottom_center: (1546.1837158203125, 650.45044), current_bottom_center: (1594.5029296875, 642.8803), previous_side: -28.78, current_side: 9.60, side_transition: True, crossing_result: True, direction: A_TO_B
2026-08-29 09:32:11 [INFO] uvh_test.counter: SAFETY NET REJECTION: Rejecting tid=341 as duplicate of class SUV, prev_tid=342, dist=82.8px, thresh=150.0px, bbox_size=459.0x384.3
2026-08-29 09:32:14 [DEBUG] uvh_test.counter: track_id: 348, frame: 7820, previous_bottom_center: (1320.041748046875, 405.01892), current_bottom_center: (1348.7760009765625, 398.56042), previous_side: -2.33, current_side: 21.93, side_transition: True, crossing_result: True, direction: A_TO_B
2026-08-29 09:32:14 [DEBUG] uvh_test.main: frame=7820 COUNTED track_id=348 class=Two-wheeler
2026-08-29 09:32:17 [DEBUG] uvh_test.counter: track_id: 352, frame: 7976, previous_bottom_center: (1316.291259765625, 415.1272), current_bottom_center: (1343.5455322265625, 408.92075), previous_side: -12.29, current_side: 10.78, side_transition: True, crossing_result: True, direction: A_TO_B
2026-08-29 09:32:17 [DEBUG] uvh_test.main: frame=7976 COUNTED track_id=352 class=Truck
2026-08-29 09:32:17 [DEBUG] uvh_test.counter: track_id: 354, frame: 8005, previous_bottom_center: (1285.027587890625, 383.8651), current_bottom_center: (1305.3431396484375, 379.98727), previous_side: -10.60, current_side: 6.05, side_transition: True, crossing_result: True, direction: A_TO_B
2026-08-29 09:32:17 [DEBUG] uvh_test.main: frame=8005 COUNTED track_id=354 class=Two-wheeler
2026-08-29 09:32:18 [DEBUG] uvh_test.counter: track_id: 356, frame: 8017, previous_bottom_center: (1331.53955078125, 415.6415), current_bottom_center: (1359.9774169921875, 409.56714), previous_side: -2.31, current_side: 21.47, side_transition: True, crossing_result: True, direction: A_TO_B
2026-08-29 09:32:18 [INFO] uvh_test.counter: SAFETY NET REJECTION: Rejecting tid=356 as duplicate of class Two-wheeler, prev_tid=354, dist=62.1px, thresh=150.0px, bbox_size=132.6x125.8
2026-08-29 09:32:21 [INFO] uvh_test.counter: SAFETY NET MERGE: Merging current tid=367 into lost_tid=367, dist=95.7px
2026-08-29 09:32:21 [DEBUG] uvh_test.main: frame=8202 COUNTED track_id=367 class=SUV
2026-08-29 09:32:22 [DEBUG] uvh_test.counter: track_id: 371, frame: 8253, previous_bottom_center: (1540.42822265625, 644.5129), current_bottom_center: (1591.251220703125, 611.88165), previous_side: -28.34, current_side: 30.14, side_transition: True, crossing_result: True, direction: A_TO_B
2026-08-29 09:32:22 [DEBUG] uvh_test.main: frame=8253 COUNTED track_id=371 class=Two-wheeler
2026-08-29 09:32:24 [DEBUG] uvh_test.counter: track_id: 373, frame: 8400, previous_bottom_center: (1299.8529052734375, 408.60425), current_bottom_center: (1332.208251953125, 402.20825), previous_side: -18.68, current_side: 8.00, side_transition: True, crossing_result: True, direction: A_TO_B
2026-08-29 09:32:24 [DEBUG] uvh_test.main: frame=8400 COUNTED track_id=373 class=Two-wheeler
2026-08-29 09:32:27 [DEBUG] uvh_test.counter: track_id: 384, frame: 8515, previous_bottom_center: (1528.439453125, 619.72754), current_bottom_center: (1596.14404296875, 582.2083), previous_side: -18.29, current_side: 55.23, side_transition: True, crossing_result: True, direction: A_TO_B
2026-08-29 09:32:27 [DEBUG] uvh_test.main: frame=8515 COUNTED track_id=384 class=Two-wheeler
2026-08-29 09:32:27 [DEBUG] uvh_test.counter: track_id: 386, frame: 8523, previous_bottom_center: (1363.1512451171875, 462.6368), current_bottom_center: (1398.0692138671875, 452.17453), previous_side: -15.32, current_side: 16.08, side_transition: True, crossing_result: True, direction: A_TO_B
2026-08-29 09:32:27 [DEBUG] uvh_test.main: frame=8523 COUNTED track_id=386 class=Three-wheeler
2026-08-29 09:32:29 [DEBUG] uvh_test.counter: track_id: 390, frame: 8624, previous_bottom_center: (1281.732666015625, 379.14905), current_bottom_center: (1303.0506591796875, 374.57925), previous_side: -9.37, current_side: 8.46, side_transition: True, crossing_result: True, direction: A_TO_B
2026-08-29 09:32:29 [DEBUG] uvh_test.main: frame=8624 COUNTED track_id=390 class=Two-wheeler
2026-08-29 09:32:30 [DEBUG] uvh_test.counter: track_id: 391, frame: 8681, previous_bottom_center: (1353.763916015625, 438.51212), current_bottom_center: (1387.66259765625, 429.24667), previous_side: -4.00, current_side: 25.83, side_transition: True, crossing_result: True, direction: A_TO_B
2026-08-29 09:32:30 [INFO] uvh_test.counter: SAFETY NET REJECTION: Rejecting tid=391 as duplicate of class Two-wheeler, prev_tid=390, dist=100.7px, thresh=150.0px, bbox_size=130.1x132.4
2026-08-29 09:32:30 [DEBUG] uvh_test.counter: track_id: 392, frame: 8693, previous_bottom_center: (1306.464111328125, 404.60437), current_bottom_center: (1332.026611328125, 398.72583), previous_side: -11.25, current_side: 10.43, side_transition: True, crossing_result: True, direction: A_TO_B
2026-08-29 09:32:30 [INFO] uvh_test.counter: SAFETY NET REJECTION: Rejecting tid=392 as duplicate of class Two-wheeler, prev_tid=390, dist=37.7px, thresh=150.0px, bbox_size=121.7x118.5
2026-08-29 09:32:30 [DEBUG] uvh_test.counter: track_id: 393, frame: 8715, previous_bottom_center: (1293.758056640625, 393.05917), current_bottom_center: (1320.8623046875, 388.23288), previous_side: -11.41, current_side: 10.55, side_transition: True, crossing_result: True, direction: A_TO_B
2026-08-29 09:32:30 [INFO] uvh_test.counter: SAFETY NET REJECTION: Rejecting tid=393 as duplicate of class Two-wheeler, prev_tid=390, dist=22.4px, thresh=150.0px, bbox_size=132.9x116.6
2026-08-29 09:32:31 [DEBUG] uvh_test.counter: track_id: 400, frame: 8732, previous_bottom_center: (1341.24609375, 433.98877), current_bottom_center: (1375.4599609375, 425.4344), previous_side: -9.18, current_side: 20.34, side_transition: True, crossing_result: True, direction: A_TO_B
2026-08-29 09:32:31 [DEBUG] uvh_test.main: frame=8732 COUNTED track_id=400 class=Three-wheeler
2026-08-29 09:32:32 [DEBUG] uvh_test.counter: track_id: 409, frame: 8821, previous_bottom_center: (1322.55615234375, 404.5067), current_bottom_center: (1354.775634765625, 398.5472), previous_side: -0.24, current_side: 26.02, side_transition: True, crossing_result: True, direction: A_TO_B
2026-08-29 09:32:32 [DEBUG] uvh_test.main: frame=8821 COUNTED track_id=409 class=Two-wheeler
2026-08-29 09:32:33 [DEBUG] uvh_test.counter: track_id: 411, frame: 8887, previous_bottom_center: (1536.86572265625, 675.57635), current_bottom_center: (1629.974853515625, 650.65186), previous_side: -53.55, current_side: 28.00, side_transition: True, crossing_result: True, direction: A_TO_B
2026-08-29 09:32:33 [DEBUG] uvh_test.counter: track_id: 415, frame: 8887, previous_bottom_center: (1518.744140625, 609.36163), current_bottom_center: (1585.29443359375, 601.90295), previous_side: -17.28, current_side: 33.41, side_transition: True, crossing_result: True, direction: A_TO_B
2026-08-29 09:32:33 [INFO] uvh_test.counter: SAFETY NET REJECTION: Rejecting tid=415 as duplicate of class LCV, prev_tid=411, dist=66.1px, thresh=150.0px, bbox_size=459.0x384.3
2026-08-29 09:32:33 [DEBUG] uvh_test.main: frame=8887 COUNTED track_id=411 class=LCV
2026-08-29 09:32:33 [DEBUG] uvh_test.counter: track_id: 412, frame: 8888, previous_bottom_center: (1539.98779296875, 645.7697), current_bottom_center: (1600.21044921875, 641.7297), previous_side: -29.56, current_side: 14.32, side_transition: True, crossing_result: True, direction: A_TO_B
2026-08-29 09:32:33 [INFO] uvh_test.counter: SAFETY NET REJECTION: Rejecting tid=412 as duplicate of class LCV, prev_tid=411, dist=31.1px, thresh=150.0px, bbox_size=458.9x384.3
2026-08-29 09:32:33 [DEBUG] uvh_test.counter: track_id: 416, frame: 8888, previous_bottom_center: (1602.8880615234375, 697.8821), current_bottom_center: (1642.70654296875, 695.4098), previous_side: -25.06, current_side: 3.80, side_transition: True, crossing_result: True, direction: A_TO_B
2026-08-29 09:32:33 [INFO] uvh_test.counter: SAFETY NET REJECTION: Rejecting tid=416 as duplicate of class LCV, prev_tid=411, dist=46.5px, thresh=150.0px, bbox_size=458.9x384.3
2026-08-29 09:32:34 [DEBUG] uvh_test.counter: track_id: 414, frame: 8889, previous_bottom_center: (1510.790771484375, 695.49005), current_bottom_center: (1601.956298828125, 650.96185), previous_side: -85.88, current_side: 8.73, side_transition: True, crossing_result: True, direction: A_TO_B
2026-08-29 09:32:34 [INFO] uvh_test.counter: SAFETY NET REJECTION: Rejecting tid=414 as duplicate of class LCV, prev_tid=411, dist=28.0px, thresh=150.0px, bbox_size=459.0x384.4
2026-08-29 09:32:37 [DEBUG] uvh_test.counter: track_id: 420, frame: 9084, previous_bottom_center: (1307.72216796875, 399.15952), current_bottom_center: (1332.299072265625, 393.8907), previous_side: -6.40, current_side: 14.16, side_transition: True, crossing_result: True, direction: A_TO_B
2026-08-29 09:32:37 [DEBUG] uvh_test.main: frame=9084 COUNTED track_id=420 class=Two-wheeler
2026-08-29 09:32:37 [DEBUG] uvh_test.counter: track_id: 425, frame: 9102, previous_bottom_center: (1367.8389892578125, 454.47516), current_bottom_center: (1419.676513671875, 439.46835), previous_side: -6.15, current_side: 40.08, side_transition: True, crossing_result: True, direction: A_TO_B
2026-08-29 09:32:37 [INFO] uvh_test.counter: SAFETY NET REJECTION: Rejecting tid=425 as duplicate of class Two-wheeler, prev_tid=420, dist=98.6px, thresh=150.0px, bbox_size=198.7x144.2
2026-08-29 09:32:37 [DEBUG] uvh_test.counter: track_id: 426, frame: 9107, previous_bottom_center: (1555.336669921875, 689.83276), current_bottom_center: (1639.926025390625, 686.4848), previous_side: -51.46, current_side: 8.46, side_transition: True, crossing_result: True, direction: A_TO_B
2026-08-29 09:32:37 [DEBUG] uvh_test.counter: track_id: 429, frame: 9107, previous_bottom_center: (1602.9031982421875, 734.89166), current_bottom_center: (1623.9007568359375, 648.084), previous_side: -52.21, current_side: 25.75, side_transition: True, crossing_result: True, direction: A_TO_B
2026-08-29 09:32:37 [INFO] uvh_test.counter: SAFETY NET REJECTION: Rejecting tid=429 as duplicate of class MUV, prev_tid=426, dist=41.6px, thresh=150.0px, bbox_size=353.3x294.5
2026-08-29 09:32:37 [DEBUG] uvh_test.main: frame=9107 COUNTED track_id=426 class=MUV
2026-08-29 09:32:40 [DEBUG] uvh_test.counter: track_id: 432, frame: 9278, previous_bottom_center: (1464.900390625, 594.3607), current_bottom_center: (1513.6239013671875, 572.19), previous_side: -42.85, current_side: 6.52, side_transition: True, crossing_result: True, direction: A_TO_B
2026-08-29 09:32:40 [DEBUG] uvh_test.main: frame=9278 COUNTED track_id=432 class=Two-wheeler
2026-08-29 09:32:41 [DEBUG] uvh_test.counter: track_id: 435, frame: 9312, previous_bottom_center: (1289.1962890625, 386.05975), current_bottom_center: (1315.61962890625, 381.69592), previous_side: -9.37, current_side: 11.78, side_transition: True, crossing_result: True, direction: A_TO_B
2026-08-29 09:32:41 [DEBUG] uvh_test.main: frame=9312 COUNTED track_id=435 class=Two-wheeler
2026-08-29 09:32:44 [DEBUG] uvh_test.counter: track_id: 438, frame: 9483, previous_bottom_center: (1390.785400390625, 476.28543), current_bottom_center: (1425.4365234375, 465.1444), previous_side: -6.56, current_side: 25.16, side_transition: True, crossing_result: True, direction: A_TO_B
2026-08-29 09:32:44 [DEBUG] uvh_test.main: frame=9483 COUNTED track_id=438 class=Two-wheeler
2026-08-29 09:32:44 [DEBUG] uvh_test.counter: track_id: 439, frame: 9496, previous_bottom_center: (1285.6533203125, 397.74622), current_bottom_center: (1311.9959716796875, 392.33847), previous_side: -20.36, current_side: 1.51, side_transition: True, crossing_result: True, direction: A_TO_B
2026-08-29 09:32:44 [INFO] uvh_test.counter: SAFETY NET REJECTION: Rejecting tid=439 as duplicate of class Two-wheeler, prev_tid=438, dist=134.8px, thresh=150.0px, bbox_size=123.6x113.7
2026-08-29 09:32:48 [DEBUG] uvh_test.counter: track_id: 440, frame: 9748, previous_bottom_center: (1295.1124267578125, 386.58936), current_bottom_center: (1321.927490234375, 381.65845), previous_side: -5.74, current_side: 16.09, side_transition: True, crossing_result: True, direction: A_TO_B
2026-08-29 09:32:48 [DEBUG] uvh_test.main: frame=9748 COUNTED track_id=440 class=Two-wheeler
2026-08-29 09:32:50 [DEBUG] uvh_test.counter: track_id: 441, frame: 9862, previous_bottom_center: (1265.721923828125, 386.0353), current_bottom_center: (1295.10546875, 370.92676), previous_side: -25.30, current_side: 5.75, side_transition: True, crossing_result: True, direction: A_TO_B
2026-08-29 09:32:50 [INFO] uvh_test.counter: SAFETY NET REJECTION: Rejecting tid=441 as duplicate of class Two-wheeler, prev_tid=440, dist=28.9px, thresh=150.0px, bbox_size=115.8x94.4
2026-08-29 09:32:50 [DEBUG] uvh_test.counter: track_id: 452, frame: 9865, previous_bottom_center: (1390.963134765625, 572.2241), current_bottom_center: (1459.54150390625, 525.8073), previous_side: -76.84, current_side: 3.81, side_transition: True, crossing_result: True, direction: A_TO_B
2026-08-29 09:32:50 [DEBUG] uvh_test.main: frame=9865 COUNTED track_id=452 class=Sedan
2026-08-29 09:32:52 [DEBUG] uvh_test.counter: track_id: 458, frame: 9957, previous_bottom_center: (1544.8564453125, 674.30115), current_bottom_center: (1587.8465576171875, 641.662), previous_side: -47.19, current_side: 5.97, side_transition: True, crossing_result: True, direction: A_TO_B
2026-08-29 09:32:52 [DEBUG] uvh_test.main: frame=9957 COUNTED track_id=458 class=Two-wheeler
2026-08-29 09:32:52 [DEBUG] uvh_test.counter: track_id: 456, frame: 9960, previous_bottom_center: (1315.8984375, 402.14157), current_bottom_center: (1341.392822265625, 396.46643), previous_side: -3.03, current_side: 18.45, side_transition: True, crossing_result: True, direction: A_TO_B
2026-08-29 09:32:52 [DEBUG] uvh_test.main: frame=9960 COUNTED track_id=456 class=Two-wheeler
2026-08-29 09:32:54 [DEBUG] uvh_test.counter: track_id: 461, frame: 10096, previous_bottom_center: (1320.165771484375, 402.14163), current_bottom_center: (1351.915283203125, 395.2576), previous_side: -0.13, current_side: 26.49, side_transition: True, crossing_result: True, direction: A_TO_B
2026-08-29 09:32:54 [INFO] uvh_test.counter: SAFETY NET REJECTION: Rejecting tid=461 as duplicate of class Two-wheeler, prev_tid=456, dist=10.6px, thresh=150.0px, bbox_size=135.1x118.0
2026-08-29 09:32:58 [DEBUG] uvh_test.counter: track_id: 479, frame: 10287, previous_bottom_center: (1320.6640625, 407.93732), current_bottom_center: (1343.2869873046875, 403.12567), previous_side: -4.05, current_side: 14.85, side_transition: True, crossing_result: True, direction: A_TO_B
2026-08-29 09:32:58 [DEBUG] uvh_test.main: frame=10287 COUNTED track_id=479 class=Three-wheeler
2026-08-29 09:32:58 [DEBUG] uvh_test.counter: track_id: 475, frame: 10300, previous_bottom_center: (1351.19970703125, 435.3373), current_bottom_center: (1378.41796875, 428.30838), previous_side: -3.41, current_side: 20.24, side_transition: True, crossing_result: True, direction: A_TO_B
2026-08-29 09:32:58 [DEBUG] uvh_test.main: frame=10300 COUNTED track_id=475 class=Two-wheeler
2026-08-29 09:32:58 [DEBUG] uvh_test.counter: track_id: 482, frame: 10309, previous_bottom_center: (1542.61181640625, 694.33374), current_bottom_center: (1613.4132080078125, 645.7272), previous_side: -63.41, current_side: 20.36, side_transition: True, crossing_result: True, direction: A_TO_B
2026-08-29 09:32:58 [DEBUG] uvh_test.main: frame=10309 COUNTED track_id=482 class=Two-wheeler
2026-08-29 09:32:58 [DEBUG] uvh_test.counter: track_id: 483, frame: 10317, previous_bottom_center: (1391.218994140625, 543.7458), current_bottom_center: (1443.26904296875, 515.3188), previous_side: -55.77, current_side: 0.45, side_transition: True, crossing_result: True, direction: A_TO_B
2026-08-29 09:32:58 [DEBUG] uvh_test.main: frame=10317 COUNTED track_id=483 class=MUV
2026-08-29 09:33:00 [DEBUG] uvh_test.counter: track_id: 492, frame: 10414, previous_bottom_center: (1602.7916259765625, 695.7808), current_bottom_center: (1605.74560546875, 626.25476), previous_side: -23.59, current_side: 29.44, side_transition: True, crossing_result: True, direction: A_TO_B
2026-08-29 09:33:00 [DEBUG] uvh_test.main: frame=10414 COUNTED track_id=492 class=Truck
2026-08-29 09:33:00 [DEBUG] uvh_test.counter: track_id: 491, frame: 10418, previous_bottom_center: (1593.306884765625, 661.744), current_bottom_center: (1682.432373046875, 616.12115), previous_side: -5.06, current_side: 88.97, side_transition: True, crossing_result: True, direction: A_TO_B
2026-08-29 09:33:00 [INFO] uvh_test.counter: SAFETY NET REJECTION: Rejecting tid=491 as duplicate of class Truck, prev_tid=492, dist=77.4px, thresh=300.0px, bbox_size=454.3x384.3
2026-08-29 09:33:01 [DEBUG] uvh_test.counter: track_id: 499, frame: 10451, previous_bottom_center: (1424.140869140625, 549.7819), current_bottom_center: (1456.3297119140625, 518.2696), previous_side: -37.83, current_side: 7.16, side_transition: True, crossing_result: True, direction: A_TO_B
2026-08-29 09:33:01 [DEBUG] uvh_test.main: frame=10451 COUNTED track_id=499 class=Bus
2026-08-29 09:33:01 [DEBUG] uvh_test.counter: track_id: 493, frame: 10454, previous_bottom_center: (1419.5048828125, 501.63196), current_bottom_center: (1451.925537109375, 501.85422), previous_side: -5.65, current_side: 16.22, side_transition: True, crossing_result: True, direction: A_TO_B
2026-08-29 09:33:01 [INFO] uvh_test.counter: SAFETY NET REJECTION: Rejecting tid=493 as duplicate of class Bus, prev_tid=499, dist=17.0px, thresh=340.2px, bbox_size=453.5x384.4
2026-08-29 09:33:04 [DEBUG] uvh_test.counter: track_id: 504, frame: 10608, previous_bottom_center: (1590.80322265625, 682.5601), current_bottom_center: (1620.132568359375, 627.5541), previous_side: -22.03, current_side: 38.26, side_transition: True, crossing_result: True, direction: A_TO_B
2026-08-29 09:33:04 [DEBUG] uvh_test.counter: track_id: 506, frame: 10608, previous_bottom_center: (1608.874755859375, 687.2683), current_bottom_center: (1655.2933349609375, 687.0234), previous_side: -13.21, current_side: 18.51, side_transition: True, crossing_result: True, direction: A_TO_B
2026-08-29 09:33:04 [INFO] uvh_test.counter: SAFETY NET REJECTION: Rejecting tid=506 as duplicate of class Three-wheeler, prev_tid=504, dist=69.1px, thresh=150.0px, bbox_size=459.0x384.3
2026-08-29 09:33:04 [DEBUG] uvh_test.main: frame=10608 COUNTED track_id=504 class=Three-wheeler
2026-08-29 09:33:07 [DEBUG] uvh_test.counter: track_id: 518, frame: 10804, previous_bottom_center: (1385.31298828125, 485.6213), current_bottom_center: (1422.0894775390625, 460.65396), previous_side: -17.13, current_side: 26.18, side_transition: True, crossing_result: True, direction: A_TO_B
2026-08-29 09:33:07 [DEBUG] uvh_test.main: frame=10804 COUNTED track_id=518 class=SUV
[h264 @ 0x5624b43fcc80] left block unavailable for requested intra mode
[h264 @ 0x5624b43fcc80] error while decoding MB 0 26, bytestream 113338
[h264 @ 0x5624b43fcc80] Frame num change from 0 to 1
[h264 @ 0x5624b43fcc80] decode_slice_header error
[h264 @ 0x5624b4a55a00] cabac decode of qscale diff failed at 64 8
[h264 @ 0x5624b4a55a00] error while decoding MB 64 8, bytestream 162980
[h264 @ 0x5624b4a55a00] Frame num change from 3 to 4
[h264 @ 0x5624b4a55a00] decode_slice_header error
2026-08-29 09:33:09 [DEBUG] uvh_test.counter: track_id: 527, frame: 10922, previous_bottom_center: (1315.981201171875, 424.10367), current_bottom_center: (1359.47607421875, 413.72693), previous_side: -19.09, current_side: 18.07, side_transition: True, crossing_result: True, direction: A_TO_B
2026-08-29 09:33:09 [DEBUG] uvh_test.main: frame=10922 COUNTED track_id=527 class=Two-wheeler
2026-08-29 09:33:10 [DEBUG] uvh_test.counter: track_id: 528, frame: 10972, previous_bottom_center: (1302.548583984375, 394.4556), current_bottom_center: (1334.40576171875, 388.2602), previous_side: -6.46, current_side: 19.73, side_transition: True, crossing_result: True, direction: A_TO_B
2026-08-29 09:33:10 [INFO] uvh_test.counter: SAFETY NET REJECTION: Rejecting tid=528 as duplicate of class Two-wheeler, prev_tid=527, dist=35.7px, thresh=150.0px, bbox_size=133.8x118.9
2026-08-29 09:33:12 [DEBUG] uvh_test.counter: track_id: 536, frame: 11086, previous_bottom_center: (1388.33935546875, 508.01172), current_bottom_center: (1447.447265625, 483.43018), previous_side: -31.50, current_side: 26.69, side_transition: True, crossing_result: True, direction: A_TO_B
2026-08-29 09:33:12 [DEBUG] uvh_test.main: frame=11086 COUNTED track_id=536 class=SUV
2026-08-29 09:33:15 [DEBUG] uvh_test.counter: track_id: 538, frame: 11214, previous_bottom_center: (1314.379638671875, 428.3734), current_bottom_center: (1346.4638671875, 420.63922), previous_side: -23.31, current_side: 4.16, side_transition: True, crossing_result: True, direction: A_TO_B
2026-08-29 09:33:15 [DEBUG] uvh_test.main: frame=11214 COUNTED track_id=538 class=tempo-traveller
2026-08-29 09:33:15 [DEBUG] uvh_test.counter: track_id: 549, frame: 11231, previous_bottom_center: (1418.4613037109375, 521.6724), current_bottom_center: (1472.699951171875, 502.23636), previous_side: -21.06, current_side: 30.05, side_transition: True, crossing_result: True, direction: A_TO_B
2026-08-29 09:33:15 [DEBUG] uvh_test.main: frame=11231 COUNTED track_id=549 class=Two-wheeler
2026-08-29 09:33:16 [DEBUG] uvh_test.counter: track_id: 555, frame: 11274, previous_bottom_center: (1523.7161865234375, 684.21985), current_bottom_center: (1593.439208984375, 647.2304), previous_side: -68.83, current_side: 5.68, side_transition: True, crossing_result: True, direction: A_TO_B
2026-08-29 09:33:16 [DEBUG] uvh_test.counter: track_id: 556, frame: 11274, previous_bottom_center: (1600.81201171875, 700.7697), current_bottom_center: (1649.843994140625, 685.51385), previous_side: -28.59, current_side: 15.91, side_transition: True, crossing_result: True, direction: A_TO_B
2026-08-29 09:33:16 [INFO] uvh_test.counter: SAFETY NET REJECTION: Rejecting tid=556 as duplicate of class Sedan, prev_tid=555, dist=68.2px, thresh=150.0px, bbox_size=458.9x384.2
2026-08-29 09:33:16 [DEBUG] uvh_test.counter: track_id: 559, frame: 11274, previous_bottom_center: (1609.06640625, 748.12305), current_bottom_center: (1618.24853515625, 667.10583), previous_side: -57.73, current_side: 7.96, side_transition: True, crossing_result: True, direction: A_TO_B
2026-08-29 09:33:16 [INFO] uvh_test.counter: SAFETY NET REJECTION: Rejecting tid=559 as duplicate of class Sedan, prev_tid=555, dist=31.8px, thresh=150.0px, bbox_size=355.8x296.2
2026-08-29 09:33:16 [DEBUG] uvh_test.main: frame=11274 COUNTED track_id=555 class=Sedan
2026-08-29 09:33:16 [DEBUG] uvh_test.counter: track_id: 557, frame: 11276, previous_bottom_center: (1572.154296875, 703.96716), current_bottom_center: (1637.8369140625, 691.52875), previous_side: -50.41, current_side: 3.34, side_transition: True, crossing_result: True, direction: A_TO_B
2026-08-29 09:33:16 [INFO] uvh_test.counter: SAFETY NET REJECTION: Rejecting tid=557 as duplicate of class Sedan, prev_tid=555, dist=62.7px, thresh=150.0px, bbox_size=458.9x384.3
2026-08-29 09:33:20 [DEBUG] uvh_test.counter: track_id: 562, frame: 11510, previous_bottom_center: (1285.727783203125, 377.40082), current_bottom_center: (1301.9912109375, 374.29672), previous_side: -5.38, current_side: 7.95, side_transition: True, crossing_result: True, direction: A_TO_B
2026-08-29 09:33:20 [DEBUG] uvh_test.main: frame=11510 COUNTED track_id=562 class=Two-wheeler
2026-08-29 09:33:20 [DEBUG] uvh_test.counter: track_id: 564, frame: 11516, previous_bottom_center: (1305.833984375, 408.8767), current_bottom_center: (1329.86669921875, 403.65668), previous_side: -14.81, current_side: 5.35, side_transition: True, crossing_result: True, direction: A_TO_B
2026-08-29 09:33:20 [INFO] uvh_test.counter: SAFETY NET REJECTION: Rejecting tid=564 as duplicate of class Two-wheeler, prev_tid=562, dist=40.5px, thresh=150.0px, bbox_size=134.3x122.4
2026-08-29 09:33:21 [DEBUG] uvh_test.counter: track_id: 571, frame: 11524, previous_bottom_center: (1418.832763671875, 513.0354), current_bottom_center: (1474.205322265625, 494.2229), previous_side: -14.47, current_side: 36.95, side_transition: True, crossing_result: True, direction: A_TO_B
2026-08-29 09:33:21 [DEBUG] uvh_test.main: frame=11524 COUNTED track_id=571 class=Two-wheeler
2026-08-29 09:33:23 [DEBUG] uvh_test.counter: track_id: 574, frame: 11622, previous_bottom_center: (1572.10986328125, 704.1498), current_bottom_center: (1620.36767578125, 669.532), previous_side: -50.57, current_side: 7.62, side_transition: True, crossing_result: True, direction: A_TO_B
2026-08-29 09:33:23 [DEBUG] uvh_test.main: frame=11622 COUNTED track_id=574 class=Two-wheeler
2026-08-29 09:33:23 [DEBUG] uvh_test.counter: track_id: 577, frame: 11644, previous_bottom_center: (1551.6090087890625, 632.9687), current_bottom_center: (1592.038818359375, 605.62006), previous_side: -12.27, current_side: 35.27, side_transition: True, crossing_result: True, direction: A_TO_B
2026-08-29 09:33:23 [INFO] uvh_test.counter: SAFETY NET REJECTION: Rejecting tid=577 as duplicate of class Two-wheeler, prev_tid=574, dist=69.9px, thresh=150.0px, bbox_size=206.5x220.7
2026-08-29 09:33:23 [DEBUG] uvh_test.counter: track_id: 585, frame: 11645, previous_bottom_center: (1379.4708251953125, 488.25217), current_bottom_center: (1416.158447265625, 475.07358), previous_side: -23.03, current_side: 11.57, side_transition: True, crossing_result: True, direction: A_TO_B
2026-08-29 09:33:23 [DEBUG] uvh_test.main: frame=11645 COUNTED track_id=585 class=Three-wheeler
2026-08-29 09:33:23 [DEBUG] uvh_test.counter: track_id: 586, frame: 11661, previous_bottom_center: (1328.99658203125, 425.60953), current_bottom_center: (1354.166015625, 418.77197), previous_side: -11.35, current_side: 10.76, side_transition: True, crossing_result: True, direction: A_TO_B
2026-08-29 09:33:23 [INFO] uvh_test.counter: SAFETY NET REJECTION: Rejecting tid=586 as duplicate of class Two-wheeler, prev_tid=571, dist=141.8px, thresh=150.0px, bbox_size=147.3x136.3
2026-08-29 09:33:35 [DEBUG] uvh_test.counter: track_id: 602, frame: 12318, previous_bottom_center: (1278.16015625, 383.42508), current_bottom_center: (1298.675537109375, 380.18262), previous_side: -14.94, current_side: 1.38, side_transition: True, crossing_result: True, direction: A_TO_B
2026-08-29 09:33:35 [DEBUG] uvh_test.main: frame=12318 COUNTED track_id=602 class=Two-wheeler
2026-08-29 09:33:36 [DEBUG] uvh_test.counter: track_id: 604, frame: 12370, previous_bottom_center: (1363.333740234375, 474.1171), current_bottom_center: (1408.13330078125, 460.5758), previous_side: -23.62, current_side: 16.75, side_transition: True, crossing_result: True, direction: A_TO_B
2026-08-29 09:33:36 [INFO] uvh_test.counter: SAFETY NET REJECTION: Rejecting tid=604 as duplicate of class Two-wheeler, prev_tid=602, dist=135.8px, thresh=150.0px, bbox_size=151.7x157.1
2026-08-29 09:33:36 [DEBUG] uvh_test.counter: track_id: 603, frame: 12375, previous_bottom_center: (1305.048095703125, 398.11078), current_bottom_center: (1325.9312744140625, 393.58795), previous_side: -7.45, current_side: 10.06, side_transition: True, crossing_result: True, direction: A_TO_B
2026-08-29 09:33:36 [INFO] uvh_test.counter: SAFETY NET REJECTION: Rejecting tid=603 as duplicate of class Two-wheeler, prev_tid=602, dist=30.4px, thresh=150.0px, bbox_size=126.4x114.0
2026-08-29 09:33:37 [DEBUG] uvh_test.counter: track_id: 611, frame: 12429, previous_bottom_center: (1603.7254638671875, 691.00616), current_bottom_center: (1599.822998046875, 609.2923), previous_side: -19.45, current_side: 37.86, side_transition: True, crossing_result: True, direction: A_TO_B
2026-08-29 09:33:37 [DEBUG] uvh_test.counter: track_id: 612, frame: 12429, previous_bottom_center: (1547.124267578125, 651.65717), current_bottom_center: (1608.011962890625, 639.9765), previous_side: -29.03, current_side: 20.91, side_transition: True, crossing_result: True, direction: A_TO_B
2026-08-29 09:33:37 [INFO] uvh_test.counter: SAFETY NET REJECTION: Rejecting tid=612 as duplicate of class Sedan, prev_tid=611, dist=31.8px, thresh=150.0px, bbox_size=458.8x384.2
2026-08-29 09:33:37 [DEBUG] uvh_test.main: frame=12429 COUNTED track_id=611 class=Sedan
2026-08-29 09:33:37 [DEBUG] uvh_test.counter: track_id: 613, frame: 12431, previous_bottom_center: (1566.932861328125, 708.06714), current_bottom_center: (1637.5333251953125, 563.84674), previous_side: -56.96, current_side: 96.83, side_transition: True, crossing_result: True, direction: A_TO_B
2026-08-29 09:33:37 [INFO] uvh_test.counter: SAFETY NET REJECTION: Rejecting tid=613 as duplicate of class Sedan, prev_tid=611, dist=59.1px, thresh=150.0px, bbox_size=283.8x233.6
[h264 @ 0x5624b3b4a600] cabac decode of qscale diff failed at 3 15
[h264 @ 0x5624b3b4a600] error while decoding MB 3 15, bytestream 32327
[h264 @ 0x5624b3b4a600] Frame num change from 11 to 12
[h264 @ 0x5624b3b4a600] decode_slice_header error
[h264 @ 0x5624b3a28280] Frame num change from 13 to 14
[h264 @ 0x5624b3a28280] decode_slice_header error
2026-08-29 09:33:39 [DEBUG] uvh_test.counter: track_id: 622, frame: 12557, previous_bottom_center: (1449.144775390625, 635.0871), current_bottom_center: (1530.4302978515625, 577.18085), previous_side: -83.44, current_side: 14.28, side_transition: True, crossing_result: True, direction: A_TO_B
2026-08-29 09:33:39 [DEBUG] uvh_test.main: frame=12557 COUNTED track_id=622 class=Truck
2026-08-29 09:33:39 [DEBUG] uvh_test.counter: track_id: 625, frame: 12569, previous_bottom_center: (1566.8931884765625, 690.6707), current_bottom_center: (1618.667236328125, 656.17285), previous_side: -44.23, current_side: 16.26, side_transition: True, crossing_result: True, direction: A_TO_B
2026-08-29 09:33:39 [DEBUG] uvh_test.main: frame=12569 COUNTED track_id=625 class=Two-wheeler
2026-08-29 09:33:41 [DEBUG] uvh_test.counter: track_id: 631, frame: 12645, previous_bottom_center: (1336.4755859375, 452.18768), current_bottom_center: (1374.1640625, 440.79224), previous_side: -25.78, current_side: 8.19, side_transition: True, crossing_result: True, direction: A_TO_B
2026-08-29 09:33:41 [DEBUG] uvh_test.main: frame=12645 COUNTED track_id=631 class=Two-wheeler
2026-08-29 09:33:42 [DEBUG] uvh_test.counter: track_id: 632, frame: 12700, previous_bottom_center: (1344.80859375, 436.82513), current_bottom_center: (1383.127197265625, 426.65002), previous_side: -8.84, current_side: 24.66, side_transition: True, crossing_result: True, direction: A_TO_B
2026-08-29 09:33:42 [INFO] uvh_test.counter: SAFETY NET REJECTION: Rejecting tid=632 as duplicate of class Two-wheeler, prev_tid=631, dist=16.7px, thresh=150.0px, bbox_size=140.2x138.9
2026-08-29 09:33:43 [DEBUG] uvh_test.counter: track_id: 641, frame: 12730, previous_bottom_center: (1346.720458984375, 432.51093), current_bottom_center: (1376.0028076171875, 424.6721), previous_side: -4.38, current_side: 21.27, side_transition: True, crossing_result: True, direction: A_TO_B
2026-08-29 09:33:43 [DEBUG] uvh_test.main: frame=12730 COUNTED track_id=641 class=LCV
2026-08-29 09:33:47 [DEBUG] uvh_test.counter: track_id: 643, frame: 12921, previous_bottom_center: (1560.6717529296875, 661.4584), current_bottom_center: (1619.204833984375, 619.49194), previous_side: -27.02, current_side: 43.54, side_transition: True, crossing_result: True, direction: A_TO_B
2026-08-29 09:33:47 [DEBUG] uvh_test.main: frame=12921 COUNTED track_id=643 class=Two-wheeler
2026-08-29 09:33:48 [DEBUG] uvh_test.counter: track_id: 644, frame: 12998, previous_bottom_center: (1276.3759765625, 383.9292), current_bottom_center: (1302.020263671875, 378.9999), previous_side: -16.52, current_side: 4.52, side_transition: True, crossing_result: True, direction: A_TO_B
2026-08-29 09:33:48 [DEBUG] uvh_test.main: frame=12998 COUNTED track_id=644 class=Two-wheeler
2026-08-29 09:33:50 [DEBUG] uvh_test.counter: track_id: 645, frame: 13072, previous_bottom_center: (1304.0504150390625, 418.52567), current_bottom_center: (1332.30908203125, 411.62613), previous_side: -23.10, current_side: 1.16, side_transition: True, crossing_result: True, direction: A_TO_B
2026-08-29 09:33:50 [INFO] uvh_test.counter: SAFETY NET REJECTION: Rejecting tid=645 as duplicate of class Two-wheeler, prev_tid=644, dist=44.5px, thresh=150.0px, bbox_size=134.9x124.7
2026-08-29 09:33:54 [DEBUG] uvh_test.counter: track_id: 647, frame: 13267, previous_bottom_center: (1324.2166748046875, 428.29013), current_bottom_center: (1344.0191650390625, 422.69012), previous_side: -16.57, current_side: 0.99, side_transition: True, crossing_result: True, direction: A_TO_B
2026-08-29 09:33:54 [DEBUG] uvh_test.main: frame=13267 COUNTED track_id=647 class=Sedan
2026-08-29 09:33:54 [DEBUG] uvh_test.counter: track_id: 651, frame: 13284, previous_bottom_center: (1284.2867431640625, 386.0604), current_bottom_center: (1305.527587890625, 382.12372), previous_side: -12.71, current_side: 4.61, side_transition: True, crossing_result: True, direction: A_TO_B
2026-08-29 09:33:54 [DEBUG] uvh_test.main: frame=13284 COUNTED track_id=651 class=Two-wheeler
2026-08-29 09:33:54 [DEBUG] uvh_test.counter: track_id: 656, frame: 13290, previous_bottom_center: (1364.21630859375, 482.02713), current_bottom_center: (1404.84814453125, 468.96912), previous_side: -28.82, current_side: 8.36, side_transition: True, crossing_result: True, direction: A_TO_B
2026-08-29 09:33:54 [INFO] uvh_test.counter: SAFETY NET REJECTION: Rejecting tid=656 as duplicate of class Two-wheeler, prev_tid=651, dist=131.9px, thresh=150.0px, bbox_size=143.1x145.5
2026-08-29 09:33:55 [DEBUG] uvh_test.counter: track_id: 662, frame: 13331, previous_bottom_center: (1292.26904296875, 398.3921), current_bottom_center: (1317.322998046875, 392.9712), previous_side: -16.33, current_side: 4.66, side_transition: True, crossing_result: True, direction: A_TO_B
2026-08-29 09:33:55 [INFO] uvh_test.counter: SAFETY NET REJECTION: Rejecting tid=662 as duplicate of class Two-wheeler, prev_tid=651, dist=16.0px, thresh=150.0px, bbox_size=139.4x117.3
[h264 @ 0x5624b3be52c0] cabac decode of qscale diff failed at 51 17
[h264 @ 0x5624b3be52c0] error while decoding MB 51 17, bytestream 177932
[h264 @ 0x5624b3be52c0] Frame num change from 12 to 14
[h264 @ 0x5624b3be52c0] decode_slice_header error
2026-08-29 09:34:00 [DEBUG] uvh_test.counter: track_id: 676, frame: 13589, previous_bottom_center: (1339.163330078125, 438.10556), current_bottom_center: (1369.4873046875, 430.29446), previous_side: -13.62, current_side: 12.72, side_transition: True, crossing_result: True, direction: A_TO_B
2026-08-29 09:34:00 [DEBUG] uvh_test.main: frame=13589 COUNTED track_id=676 class=Two-wheeler
2026-08-29 09:34:01 [DEBUG] uvh_test.counter: track_id: 677, frame: 13631, previous_bottom_center: (1298.3948974609375, 393.69327), current_bottom_center: (1320.798828125, 389.08276), previous_side: -8.73, current_side: 9.88, side_transition: True, crossing_result: True, direction: A_TO_B
2026-08-29 09:34:01 [INFO] uvh_test.counter: SAFETY NET REJECTION: Rejecting tid=677 as duplicate of class Two-wheeler, prev_tid=676, dist=63.8px, thresh=150.0px, bbox_size=132.0x115.7
2026-08-29 09:34:01 [DEBUG] uvh_test.counter: track_id: 679, frame: 13659, previous_bottom_center: (1350.7806396484375, 460.185), current_bottom_center: (1390.6435546875, 448.5282), previous_side: -21.93, current_side: 13.71, side_transition: True, crossing_result: True, direction: A_TO_B
2026-08-29 09:34:01 [INFO] uvh_test.counter: SAFETY NET REJECTION: Rejecting tid=679 as duplicate of class Two-wheeler, prev_tid=676, dist=27.9px, thresh=150.0px, bbox_size=146.4x156.7
2026-08-29 09:34:02 [DEBUG] uvh_test.counter: track_id: 678, frame: 13663, previous_bottom_center: (1299.768310546875, 401.7889), current_bottom_center: (1324.7191162109375, 396.12674), previous_side: -13.73, current_side: 7.37, side_transition: True, crossing_result: True, direction: A_TO_B
2026-08-29 09:34:02 [INFO] uvh_test.counter: SAFETY NET REJECTION: Rejecting tid=678 as duplicate of class Two-wheeler, prev_tid=676, dist=56.3px, thresh=150.0px, bbox_size=122.6x115.3
2026-08-29 09:34:04 [DEBUG] uvh_test.counter: track_id: 687, frame: 13810, previous_bottom_center: (1500.408203125, 694.4202), current_bottom_center: (1623.958740234375, 655.51526), previous_side: -92.15, current_side: 20.34, side_transition: True, crossing_result: True, direction: A_TO_B
2026-08-29 09:34:04 [DEBUG] uvh_test.counter: track_id: 688, frame: 13810, previous_bottom_center: (1547.013427734375, 742.0603), current_bottom_center: (1590.96240234375, 622.2812), previous_side: -95.44, current_side: 22.31, side_transition: True, crossing_result: True, direction: A_TO_B
2026-08-29 09:34:04 [INFO] uvh_test.counter: SAFETY NET REJECTION: Rejecting tid=688 as duplicate of class SUV, prev_tid=687, dist=46.8px, thresh=150.0px, bbox_size=343.5x285.1
2026-08-29 09:34:04 [DEBUG] uvh_test.main: frame=13810 COUNTED track_id=687 class=SUV
2026-08-29 09:34:07 [DEBUG] uvh_test.counter: track_id: 693, frame: 13930, previous_bottom_center: (1294.967041015625, 386.46097), current_bottom_center: (1314.911376953125, 383.53824), previous_side: -5.75, current_side: 9.95, side_transition: True, crossing_result: True, direction: A_TO_B
2026-08-29 09:34:07 [DEBUG] uvh_test.main: frame=13930 COUNTED track_id=693 class=Two-wheeler
2026-08-29 09:34:07 [DEBUG] uvh_test.counter: track_id: 695, frame: 13935, previous_bottom_center: (1360.5010986328125, 446.61795), current_bottom_center: (1384.781005859375, 440.20502), previous_side: -5.37, current_side: 15.84, side_transition: True, crossing_result: True, direction: A_TO_B
2026-08-29 09:34:07 [INFO] uvh_test.counter: SAFETY NET REJECTION: Rejecting tid=695 as duplicate of class Two-wheeler, prev_tid=693, dist=90.0px, thresh=150.0px, bbox_size=174.5x165.8
2026-08-29 09:34:07 [DEBUG] uvh_test.counter: track_id: 713, frame: 13952, previous_bottom_center: (1391.970458984375, 470.7676), current_bottom_center: (1422.6875, 460.47), previous_side: -1.71, current_side: 26.72, side_transition: True, crossing_result: True, direction: A_TO_B
2026-08-29 09:34:07 [DEBUG] uvh_test.main: frame=13952 COUNTED track_id=713 class=Three-wheeler
2026-08-29 09:34:08 [DEBUG] uvh_test.counter: track_id: 717, frame: 13994, previous_bottom_center: (1534.378173828125, 709.2755), current_bottom_center: (1602.8826904296875, 657.82916), previous_side: -79.97, current_side: 4.32, side_transition: True, crossing_result: True, direction: A_TO_B
2026-08-29 09:34:08 [DEBUG] uvh_test.main: frame=13994 COUNTED track_id=717 class=Two-wheeler
2026-08-29 09:34:09 [DEBUG] uvh_test.counter: track_id: 727, frame: 14043, previous_bottom_center: (1451.7259521484375, 548.96216), current_bottom_center: (1473.4912109375, 503.9842), previous_side: -18.49, current_side: 29.30, side_transition: True, crossing_result: True, direction: A_TO_B
2026-08-29 09:34:09 [DEBUG] uvh_test.main: frame=14043 COUNTED track_id=727 class=tempo-traveller
2026-08-29 09:34:10 [DEBUG] uvh_test.counter: track_id: 735, frame: 14058, previous_bottom_center: (1574.607666015625, 717.80023), current_bottom_center: (1612.5833740234375, 660.6712), previous_side: -58.89, current_side: 8.83, side_transition: True, crossing_result: True, direction: A_TO_B
2026-08-29 09:34:10 [DEBUG] uvh_test.main: frame=14058 COUNTED track_id=735 class=Sedan
2026-08-29 09:34:12 [DEBUG] uvh_test.counter: track_id: 748, frame: 14184, previous_bottom_center: (1532.8876953125, 708.8855), current_bottom_center: (1634.788818359375, 656.71454), previous_side: -80.69, current_side: 26.82, side_transition: True, crossing_result: True, direction: A_TO_B
2026-08-29 09:34:12 [DEBUG] uvh_test.counter: track_id: 750, frame: 14184, previous_bottom_center: (1526.216064453125, 614.65), current_bottom_center: (1558.5667724609375, 570.9426), previous_side: -16.08, current_side: 37.97, side_transition: True, crossing_result: True, direction: A_TO_B
2026-08-29 09:34:12 [INFO] uvh_test.counter: SAFETY NET REJECTION: Rejecting tid=750 as duplicate of class SUV, prev_tid=748, dist=114.7px, thresh=150.0px, bbox_size=290.1x240.4
2026-08-29 09:34:12 [DEBUG] uvh_test.main: frame=14184 COUNTED track_id=748 class=SUV
2026-08-29 09:34:12 [DEBUG] uvh_test.counter: track_id: 749, frame: 14185, previous_bottom_center: (1547.827392578125, 647.4495), current_bottom_center: (1598.279296875, 646.8954), previous_side: -25.46, current_side: 9.22, side_transition: True, crossing_result: True, direction: A_TO_B
2026-08-29 09:34:12 [INFO] uvh_test.counter: SAFETY NET REJECTION: Rejecting tid=749 as duplicate of class SUV, prev_tid=748, dist=37.8px, thresh=150.0px, bbox_size=459.0x384.3
[h264 @ 0x5624b4a55a00] Frame num change from 7 to 13
[h264 @ 0x5624b4a55a00] decode_slice_header error
2026-08-29 09:34:14 [DEBUG] uvh_test.counter: track_id: 753, frame: 14262, previous_bottom_center: (1585.87451171875, 695.6487), current_bottom_center: (1588.6060791015625, 622.9003), previous_side: -34.98, current_side: 20.25, side_transition: True, crossing_result: True, direction: A_TO_B
2026-08-29 09:34:14 [DEBUG] uvh_test.main: frame=14262 COUNTED track_id=753 class=Sedan
2026-08-29 09:34:14 [DEBUG] uvh_test.counter: track_id: 752, frame: 14263, previous_bottom_center: (1331.974853515625, 422.00894), current_bottom_center: (1382.173095703125, 410.47345), previous_side: -6.69, current_side: 35.88, side_transition: True, crossing_result: True, direction: A_TO_B
2026-08-29 09:34:14 [DEBUG] uvh_test.main: frame=14263 COUNTED track_id=752 class=Two-wheeler
2026-08-29 09:34:16 [DEBUG] uvh_test.counter: track_id: 757, frame: 14366, previous_bottom_center: (1273.0301513671875, 389.8924), current_bottom_center: (1306.95556640625, 383.3988), previous_side: -23.17, current_side: 4.64, side_transition: True, crossing_result: True, direction: A_TO_B
2026-08-29 09:34:16 [INFO] uvh_test.counter: SAFETY NET REJECTION: Rejecting tid=757 as duplicate of class Two-wheeler, prev_tid=752, dist=79.9px, thresh=150.0px, bbox_size=124.7x112.8
2026-08-29 09:34:22 [DEBUG] uvh_test.counter: track_id: 760, frame: 14667, previous_bottom_center: (1321.29638671875, 410.78592), current_bottom_center: (1356.1912841796875, 403.2871), previous_side: -5.71, current_side: 23.50, side_transition: True, crossing_result: True, direction: A_TO_B
2026-08-29 09:34:22 [DEBUG] uvh_test.main: frame=14667 COUNTED track_id=760 class=Two-wheeler
2026-08-29 09:34:24 [DEBUG] uvh_test.counter: track_id: 762, frame: 14772, previous_bottom_center: (1303.0296630859375, 387.02423), current_bottom_center: (1339.188720703125, 380.6839), previous_side: -0.68, current_side: 28.54, side_transition: True, crossing_result: True, direction: A_TO_B
2026-08-29 09:34:24 [INFO] uvh_test.counter: SAFETY NET REJECTION: Rejecting tid=762 as duplicate of class Two-wheeler, prev_tid=760, dist=28.3px, thresh=150.0px, bbox_size=128.8x112.6
2026-08-29 09:34:27 [DEBUG] uvh_test.counter: track_id: 763, frame: 14967, previous_bottom_center: (1277.981689453125, 391.7632), current_bottom_center: (1318.0318603515625, 384.16736), previous_side: -21.18, current_side: 11.61, side_transition: True, crossing_result: True, direction: A_TO_B
2026-08-29 09:34:27 [DEBUG] uvh_test.main: frame=14967 COUNTED track_id=763 class=Two-wheeler
[h264 @ 0x5624b488a640] error while decoding MB 34 54, bytestream -24
[h264 @ 0x5624b488a640] Frame num change from 1 to 2
[h264 @ 0x5624b488a640] decode_slice_header error
2026-08-29 09:34:32 [DEBUG] uvh_test.counter: track_id: 769, frame: 15199, previous_bottom_center: (1467.1949462890625, 608.3285), current_bottom_center: (1497.2431640625, 528.5448), previous_side: -51.54, current_side: 27.42, side_transition: True, crossing_result: True, direction: A_TO_B
2026-08-29 09:34:32 [DEBUG] uvh_test.main: frame=15199 COUNTED track_id=769 class=Sedan
2026-08-29 09:34:32 [DEBUG] uvh_test.counter: track_id: 764, frame: 15211, previous_bottom_center: (1291.7423095703125, 387.04807), current_bottom_center: (1316.1087646484375, 383.16052), previous_side: -8.37, current_side: 11.04, side_transition: True, crossing_result: True, direction: A_TO_B
2026-08-29 09:34:32 [DEBUG] uvh_test.main: frame=15211 COUNTED track_id=764 class=Two-wheeler
[h264 @ 0x5624b49e8140] left block unavailable for requested intra4x4 mode -1
[h264 @ 0x5624b49e8140] error while decoding MB 0 49, bytestream 18722
[h264 @ 0x5624b49e8140] Frame num change from 1 to 2
[h264 @ 0x5624b49e8140] decode_slice_header error
[h264 @ 0x5624b49dd2c0] cabac decode of qscale diff failed at 33 38
[h264 @ 0x5624b49dd2c0] error while decoding MB 33 38, bytestream 133947
[h264 @ 0x5624b49dd2c0] Frame num change from 3 to 4
[h264 @ 0x5624b49dd2c0] decode_slice_header error
2026-08-29 09:34:33 [DEBUG] uvh_test.counter: track_id: 779, frame: 15264, previous_bottom_center: (1645.11279296875, 708.17883), current_bottom_center: (1656.38134765625, 662.60425), previous_side: -3.93, current_side: 37.17, side_transition: True, crossing_result: True, direction: A_TO_B
2026-08-29 09:34:33 [DEBUG] uvh_test.main: frame=15264 COUNTED track_id=779 class=Truck
2026-08-29 09:34:35 [DEBUG] uvh_test.counter: track_id: 782, frame: 15353, previous_bottom_center: (1306.409423828125, 407.4882), current_bottom_center: (1335.0333251953125, 400.9169), previous_side: -13.40, current_side: 10.87, side_transition: True, crossing_result: True, direction: A_TO_B
2026-08-29 09:34:35 [INFO] uvh_test.counter: SAFETY NET REJECTION: Rejecting tid=782 as duplicate of class Two-wheeler, prev_tid=764, dist=26.0px, thresh=150.0px, bbox_size=132.4x122.9
2026-08-29 09:34:39 [DEBUG] uvh_test.counter: track_id: 784, frame: 15545, previous_bottom_center: (1605.388916015625, 695.6958), current_bottom_center: (1620.21826171875, 618.8967), previous_side: -21.76, current_side: 44.67, side_transition: True, crossing_result: True, direction: A_TO_B
2026-08-29 09:34:39 [DEBUG] uvh_test.counter: track_id: 785, frame: 15545, previous_bottom_center: (1546.78076171875, 658.54254), current_bottom_center: (1663.0087890625, 646.7198), previous_side: -34.32, current_side: 53.32, side_transition: True, crossing_result: True, direction: A_TO_B
2026-08-29 09:34:39 [INFO] uvh_test.counter: SAFETY NET REJECTION: Rejecting tid=785 as duplicate of class MUV, prev_tid=784, dist=51.0px, thresh=150.0px, bbox_size=458.6x384.3
2026-08-29 09:34:39 [DEBUG] uvh_test.main: frame=15545 COUNTED track_id=784 class=MUV
2026-08-29 09:34:41 [DEBUG] uvh_test.counter: track_id: 789, frame: 15654, previous_bottom_center: (1287.951171875, 397.8664), current_bottom_center: (1316.0439453125, 391.6856), previous_side: -18.88, current_side: 4.74, side_transition: True, crossing_result: True, direction: A_TO_B
2026-08-29 09:34:41 [DEBUG] uvh_test.main: frame=15654 COUNTED track_id=789 class=Two-wheeler
2026-08-29 09:34:42 [DEBUG] uvh_test.counter: track_id: 795, frame: 15726, previous_bottom_center: (1371.117919921875, 516.4515), current_bottom_center: (1424.619140625, 468.1918), previous_side: -49.40, current_side: 22.36, side_transition: True, crossing_result: True, direction: A_TO_B
2026-08-29 09:34:42 [DEBUG] uvh_test.main: frame=15726 COUNTED track_id=795 class=Sedan
2026-08-29 09:34:48 [DEBUG] uvh_test.counter: track_id: 800, frame: 16002, previous_bottom_center: (1300.7215576171875, 392.3277), current_bottom_center: (1320.4296875, 388.48282), previous_side: -6.14, current_side: 10.07, side_transition: True, crossing_result: True, direction: A_TO_B
2026-08-29 09:34:48 [DEBUG] uvh_test.main: frame=16002 COUNTED track_id=800 class=Two-wheeler
2026-08-29 09:34:55 [DEBUG] uvh_test.counter: track_id: 805, frame: 16387, previous_bottom_center: (1308.6524658203125, 406.23532), current_bottom_center: (1344.6875, 398.81387), previous_side: -10.96, current_side: 18.97, side_transition: True, crossing_result: True, direction: A_TO_B
2026-08-29 09:34:55 [DEBUG] uvh_test.main: frame=16387 COUNTED track_id=805 class=Two-wheeler
2026-08-29 09:34:56 [DEBUG] uvh_test.counter: track_id: 810, frame: 16439, previous_bottom_center: (1526.0726318359375, 702.956), current_bottom_center: (1608.54541015625, 642.8883), previous_side: -80.97, current_side: 19.13, side_transition: True, crossing_result: True, direction: A_TO_B
2026-08-29 09:34:56 [DEBUG] uvh_test.main: frame=16439 COUNTED track_id=810 class=Two-wheeler
2026-08-29 09:34:57 [DEBUG] uvh_test.counter: track_id: 812, frame: 16493, previous_bottom_center: (1345.826416015625, 427.5318), current_bottom_center: (1375.0462646484375, 419.15555), previous_side: -1.33, current_side: 24.67, side_transition: True, crossing_result: True, direction: A_TO_B
2026-08-29 09:34:57 [INFO] uvh_test.counter: SAFETY NET REJECTION: Rejecting tid=812 as duplicate of class Two-wheeler, prev_tid=805, dist=36.5px, thresh=150.0px, bbox_size=148.8x137.7
2026-08-29 09:34:58 [DEBUG] uvh_test.counter: track_id: 817, frame: 16514, previous_bottom_center: (1530.786865234375, 620.41113), current_bottom_center: (1593.126220703125, 585.21155), previous_side: -17.20, current_side: 50.98, side_transition: True, crossing_result: True, direction: A_TO_B
2026-08-29 09:34:58 [INFO] uvh_test.counter: SAFETY NET REJECTION: Rejecting tid=817 as duplicate of class Two-wheeler, prev_tid=810, dist=59.7px, thresh=150.0px, bbox_size=164.0x212.6
2026-08-29 09:34:59 [DEBUG] uvh_test.counter: track_id: 818, frame: 16572, previous_bottom_center: (1292.7626953125, 377.89282), current_bottom_center: (1308.689453125, 374.61484), previous_side: -0.96, current_side: 12.27, side_transition: True, crossing_result: True, direction: A_TO_B
2026-08-29 09:34:59 [DEBUG] uvh_test.main: frame=16572 COUNTED track_id=818 class=Two-wheeler
2026-08-29 09:35:01 [DEBUG] uvh_test.counter: track_id: 821, frame: 16684, previous_bottom_center: (1362.41845703125, 464.72183), current_bottom_center: (1412.697265625, 450.0117), previous_side: -17.35, current_side: 27.61, side_transition: True, crossing_result: True, direction: A_TO_B
2026-08-29 09:35:01 [INFO] uvh_test.counter: SAFETY NET REJECTION: Rejecting tid=821 as duplicate of class Two-wheeler, prev_tid=818, dist=128.5px, thresh=150.0px, bbox_size=163.2x153.5
2026-08-29 09:35:07 [DEBUG] uvh_test.counter: track_id: 826, frame: 16992, previous_bottom_center: (1307.1341552734375, 406.07874), current_bottom_center: (1338.2763671875, 399.72272), previous_side: -11.88, current_side: 13.95, side_transition: True, crossing_result: True, direction: A_TO_B
2026-08-29 09:35:07 [DEBUG] uvh_test.main: frame=16992 COUNTED track_id=826 class=tempo-traveller
2026-08-29 09:35:09 [DEBUG] uvh_test.counter: track_id: 831, frame: 17088, previous_bottom_center: (1486.79248046875, 652.557), current_bottom_center: (1550.5552978515625, 612.97345), previous_side: -70.68, current_side: 1.69, side_transition: True, crossing_result: True, direction: A_TO_B
2026-08-29 09:35:09 [DEBUG] uvh_test.main: frame=17088 COUNTED track_id=831 class=Two-wheeler
2026-08-29 09:35:12 [DEBUG] uvh_test.counter: track_id: 836, frame: 17227, previous_bottom_center: (1594.732177734375, 694.6046), current_bottom_center: (1606.9605712890625, 656.3895), previous_side: -28.20, current_side: 8.15, side_transition: True, crossing_result: True, direction: A_TO_B
2026-08-29 09:35:12 [DEBUG] uvh_test.main: frame=17227 COUNTED track_id=836 class=SUV
2026-08-29 09:35:13 [DEBUG] uvh_test.counter: track_id: 842, frame: 17266, previous_bottom_center: (1396.3173828125, 483.9061), current_bottom_center: (1443.3665771484375, 465.85187), previous_side: -8.39, current_side: 36.82, side_transition: True, crossing_result: True, direction: A_TO_B
2026-08-29 09:35:13 [DEBUG] uvh_test.main: frame=17266 COUNTED track_id=842 class=Hatchback
2026-08-29 09:35:13 [DEBUG] uvh_test.counter: track_id: 848, frame: 17278, previous_bottom_center: (1290.945068359375, 409.11353), current_bottom_center: (1337.951416015625, 395.69894), previous_side: -25.10, current_side: 16.68, side_transition: True, crossing_result: True, direction: A_TO_B
2026-08-29 09:35:13 [DEBUG] uvh_test.main: frame=17278 COUNTED track_id=848 class=SUV
2026-08-29 09:35:19 [DEBUG] uvh_test.counter: track_id: 852, frame: 17597, previous_bottom_center: (1275.9443359375, 394.22244), current_bottom_center: (1308.522705078125, 387.22327), previous_side: -24.37, current_side: 2.90, side_transition: True, crossing_result: True, direction: A_TO_B
2026-08-29 09:35:19 [DEBUG] uvh_test.main: frame=17597 COUNTED track_id=852 class=Two-wheeler
2026-08-29 09:35:22 [DEBUG] uvh_test.counter: track_id: 861, frame: 17718, previous_bottom_center: (1330.8153076171875, 468.9531), current_bottom_center: (1385.965087890625, 452.4843), previous_side: -41.92, current_side: 7.63, side_transition: True, crossing_result: True, direction: A_TO_B
2026-08-29 09:35:22 [INFO] uvh_test.counter: SAFETY NET REJECTION: Rejecting tid=861 as duplicate of class Two-wheeler, prev_tid=852, dist=101.3px, thresh=150.0px, bbox_size=193.0x150.0
2026-08-29 09:35:26 [DEBUG] uvh_test.counter: track_id: 862, frame: 17929, previous_bottom_center: (1284.44482421875, 381.22952), current_bottom_center: (1305.173095703125, 376.96185), previous_side: -9.06, current_side: 8.16, side_transition: True, crossing_result: True, direction: A_TO_B
2026-08-29 09:35:26 [DEBUG] uvh_test.main: frame=17929 COUNTED track_id=862 class=Two-wheeler
2026-08-29 09:35:29 [DEBUG] uvh_test.counter: track_id: 866, frame: 18100, previous_bottom_center: (1546.1324462890625, 745.9463), current_bottom_center: (1590.941650390625, 631.1174), previous_side: -98.89, current_side: 15.81, side_transition: True, crossing_result: True, direction: A_TO_B
2026-08-29 09:35:29 [DEBUG] uvh_test.counter: track_id: 867, frame: 18100, previous_bottom_center: (1594.087158203125, 697.8693), current_bottom_center: (1643.8050537109375, 695.39154), previous_side: -31.03, current_side: 4.56, side_transition: True, crossing_result: True, direction: A_TO_B
2026-08-29 09:35:29 [INFO] uvh_test.counter: SAFETY NET REJECTION: Rejecting tid=867 as duplicate of class SUV, prev_tid=866, dist=83.2px, thresh=150.0px, bbox_size=458.9x384.3
2026-08-29 09:35:29 [DEBUG] uvh_test.main: frame=18100 COUNTED track_id=866 class=SUV
2026-08-29 09:35:29 [DEBUG] uvh_test.counter: track_id: 865, frame: 18101, previous_bottom_center: (1548.1513671875, 658.167), current_bottom_center: (1599.14111328125, 645.8811), previous_side: -33.11, current_side: 10.55, side_transition: True, crossing_result: True, direction: A_TO_B
2026-08-29 09:35:29 [INFO] uvh_test.counter: SAFETY NET REJECTION: Rejecting tid=865 as duplicate of class SUV, prev_tid=866, dist=16.9px, thresh=150.0px, bbox_size=458.6x384.3
2026-08-29 09:35:30 [DEBUG] uvh_test.counter: track_id: 873, frame: 18160, previous_bottom_center: (1407.1890869140625, 485.3245), current_bottom_center: (1438.653076171875, 472.26276), previous_side: -2.05, current_side: 28.91, side_transition: True, crossing_result: True, direction: A_TO_B
2026-08-29 09:35:30 [DEBUG] uvh_test.main: frame=18160 COUNTED track_id=873 class=MUV
2026-08-29 09:35:30 [DEBUG] uvh_test.counter: track_id: 876, frame: 18166, previous_bottom_center: (1293.879638671875, 384.54556), current_bottom_center: (1314.927490234375, 381.04117), previous_side: -5.08, current_side: 11.79, side_transition: True, crossing_result: True, direction: A_TO_B
2026-08-29 09:35:30 [DEBUG] uvh_test.main: frame=18166 COUNTED track_id=876 class=Two-wheeler
2026-08-29 09:35:32 [DEBUG] uvh_test.counter: track_id: 882, frame: 18264, previous_bottom_center: (1361.6015625, 536.9436), current_bottom_center: (1441.93359375, 487.1575), previous_side: -70.90, current_side: 20.21, side_transition: True, crossing_result: True, direction: A_TO_B
2026-08-29 09:35:32 [INFO] uvh_test.counter: SAFETY NET REJECTION: Rejecting tid=882 as duplicate of class MUV, prev_tid=873, dist=15.3px, thresh=150.0px, bbox_size=243.3x195.8
2026-08-29 09:35:32 [DEBUG] uvh_test.counter: track_id: 883, frame: 18265, previous_bottom_center: (1457.434814453125, 563.68616), current_bottom_center: (1480.01513671875, 494.29477), previous_side: -25.41, current_side: 40.85, side_transition: True, crossing_result: True, direction: A_TO_B
2026-08-29 09:35:32 [DEBUG] uvh_test.main: frame=18265 COUNTED track_id=883 class=Sedan
2026-08-29 09:35:33 [DEBUG] uvh_test.counter: track_id: 886, frame: 18313, previous_bottom_center: (1257.5478515625, 371.01044), current_bottom_center: (1282.6796875, 367.06726), previous_side: -19.83, current_side: 0.14, side_transition: True, crossing_result: True, direction: A_TO_B
2026-08-29 09:35:33 [INFO] uvh_test.counter: SAFETY NET REJECTION: Rejecting tid=886 as duplicate of class Two-wheeler, prev_tid=876, dist=35.1px, thresh=150.0px, bbox_size=113.2x99.4
2026-08-29 09:35:35 [DEBUG] uvh_test.counter: track_id: 888, frame: 18378, previous_bottom_center: (1275.440185546875, 370.55728), current_bottom_center: (1293.9091796875, 367.31348), previous_side: -7.34, current_side: 7.58, side_transition: True, crossing_result: True, direction: A_TO_B
2026-08-29 09:35:35 [DEBUG] uvh_test.main: frame=18378 COUNTED track_id=888 class=Two-wheeler
2026-08-29 09:35:35 [DEBUG] uvh_test.counter: track_id: 898, frame: 18401, previous_bottom_center: (1313.7916259765625, 410.2845), current_bottom_center: (1435.818603515625, 382.8279), previous_side: -10.44, current_side: 92.61, side_transition: True, crossing_result: True, direction: A_TO_B
2026-08-29 09:35:35 [DEBUG] uvh_test.main: frame=18401 COUNTED track_id=898 class=Truck
2026-08-29 09:35:36 [DEBUG] uvh_test.counter: track_id: 901, frame: 18438, previous_bottom_center: (1628.901123046875, 743.7254), current_bottom_center: (1689.3460693359375, 668.96735), previous_side: -41.03, current_side: 54.89, side_transition: True, crossing_result: True, direction: A_TO_B
2026-08-29 09:35:36 [DEBUG] uvh_test.main: frame=18438 COUNTED track_id=901 class=MUV
2026-08-29 09:35:36 [DEBUG] uvh_test.counter: track_id: 900, frame: 18439, previous_bottom_center: (1604.0751953125, 695.60004), current_bottom_center: (1669.82275390625, 658.9289), previous_side: -22.58, current_side: 48.99, side_transition: True, crossing_result: True, direction: A_TO_B
2026-08-29 09:35:36 [INFO] uvh_test.counter: SAFETY NET REJECTION: Rejecting tid=900 as duplicate of class MUV, prev_tid=901, dist=22.0px, thresh=150.0px, bbox_size=458.6x384.4
2026-08-29 09:35:37 [DEBUG] uvh_test.counter: track_id: 892, frame: 18473, previous_bottom_center: (1331.939453125, 457.45816), current_bottom_center: (1370.48388671875, 446.7708), previous_side: -32.72, current_side: 1.30, side_transition: True, crossing_result: True, direction: A_TO_B
2026-08-29 09:35:37 [INFO] uvh_test.counter: SAFETY NET REJECTION: Rejecting tid=892 as duplicate of class Two-wheeler, prev_tid=888, dist=110.4px, thresh=150.0px, bbox_size=175.5x149.4
2026-08-29 09:35:39 [DEBUG] uvh_test.counter: track_id: 904, frame: 18496, previous_bottom_center: (1294.872802734375, 398.7493), current_bottom_center: (1313.08740234375, 394.6829), previous_side: -14.83, current_side: 0.53, side_transition: True, crossing_result: True, direction: A_TO_B
2026-08-29 09:35:39 [INFO] uvh_test.counter: SAFETY NET REJECTION: Rejecting tid=904 as duplicate of class Two-wheeler, prev_tid=888, dist=33.4px, thresh=150.0px, bbox_size=133.4x115.0
2026-08-29 09:35:44 [DEBUG] uvh_test.counter: track_id: 914, frame: 18699, previous_bottom_center: (1319.676513671875, 428.69174), current_bottom_center: (1347.806396484375, 420.89142), previous_side: -19.95, current_side: 4.89, side_transition: True, crossing_result: True, direction: A_TO_B
2026-08-29 09:35:44 [DEBUG] uvh_test.main: frame=18699 COUNTED track_id=914 class=Truck
2026-08-29 09:35:46 [DEBUG] uvh_test.counter: track_id: 913, frame: 18780, previous_bottom_center: (1334.552734375, 445.85815), current_bottom_center: (1368.115478515625, 437.0475), previous_side: -22.44, current_side: 6.83, side_transition: True, crossing_result: True, direction: A_TO_B
2026-08-29 09:35:46 [DEBUG] uvh_test.main: frame=18780 COUNTED track_id=913 class=Three-wheeler
2026-08-29 09:35:51 [DEBUG] uvh_test.counter: track_id: 926, frame: 19038, previous_bottom_center: (1295.8519287109375, 407.0414), current_bottom_center: (1322.4632568359375, 401.84592), previous_side: -20.25, current_side: 1.64, side_transition: True, crossing_result: True, direction: A_TO_B
2026-08-29 09:35:51 [DEBUG] uvh_test.main: frame=19038 COUNTED track_id=926 class=Two-wheeler
2026-08-29 09:35:51 [DEBUG] uvh_test.counter: track_id: 929, frame: 19075, previous_bottom_center: (1304.790771484375, 401.00165), current_bottom_center: (1337.08056640625, 393.6064), previous_side: -9.74, current_side: 17.62, side_transition: True, crossing_result: True, direction: A_TO_B
2026-08-29 09:35:51 [INFO] uvh_test.counter: SAFETY NET REJECTION: Rejecting tid=929 as duplicate of class Two-wheeler, prev_tid=926, dist=16.8px, thresh=150.0px, bbox_size=135.0x119.6
2026-08-29 09:35:53 [DEBUG] uvh_test.counter: track_id: 931, frame: 19132, previous_bottom_center: (1274.712890625, 408.66925), current_bottom_center: (1320.04931640625, 399.313), previous_side: -35.80, current_side: 1.86, side_transition: True, crossing_result: True, direction: A_TO_B
2026-08-29 09:35:53 [INFO] uvh_test.counter: SAFETY NET REJECTION: Rejecting tid=931 as duplicate of class Two-wheeler, prev_tid=926, dist=3.5px, thresh=150.0px, bbox_size=132.8x121.2
2026-08-29 09:35:57 [DEBUG] uvh_test.counter: track_id: 935, frame: 19336, previous_bottom_center: (1288.3330078125, 384.96848), current_bottom_center: (1309.48779296875, 380.87054), previous_side: -9.16, current_side: 8.22, side_transition: True, crossing_result: True, direction: A_TO_B
2026-08-29 09:35:57 [DEBUG] uvh_test.main: frame=19336 COUNTED track_id=935 class=SUV
2026-08-29 09:36:06 [DEBUG] uvh_test.counter: track_id: 950, frame: 19757, previous_bottom_center: (1299.509521484375, 383.04776), current_bottom_center: (1324.9794921875, 378.3034), previous_side: -0.16, current_side: 20.63, side_transition: True, crossing_result: True, direction: A_TO_B
2026-08-29 09:36:06 [DEBUG] uvh_test.main: frame=19757 COUNTED track_id=950 class=Two-wheeler
2026-08-29 09:36:16 [DEBUG] uvh_test.counter: track_id: 952, frame: 20292, previous_bottom_center: (1307.703369140625, 400.27423), current_bottom_center: (1332.241943359375, 394.95712), previous_side: -7.23, current_side: 13.34, side_transition: True, crossing_result: True, direction: A_TO_B
2026-08-29 09:36:16 [DEBUG] uvh_test.main: frame=20292 COUNTED track_id=952 class=Two-wheeler
2026-08-29 09:36:19 [DEBUG] uvh_test.counter: track_id: 955, frame: 20424, previous_bottom_center: (1363.028564453125, 448.7584), current_bottom_center: (1404.490966796875, 435.80753), previous_side: -5.22, current_side: 32.45, side_transition: True, crossing_result: True, direction: A_TO_B
2026-08-29 09:36:19 [INFO] uvh_test.counter: SAFETY NET REJECTION: Rejecting tid=955 as duplicate of class Two-wheeler, prev_tid=952, dist=83.0px, thresh=150.0px, bbox_size=159.4x146.9
2026-08-29 09:36:19 [DEBUG] uvh_test.counter: track_id: 956, frame: 20437, previous_bottom_center: (1295.583984375, 395.6872), current_bottom_center: (1319.126708984375, 391.15375), previous_side: -12.10, current_side: 7.22, side_transition: True, crossing_result: True, direction: A_TO_B
2026-08-29 09:36:19 [INFO] uvh_test.counter: SAFETY NET REJECTION: Rejecting tid=956 as duplicate of class Two-wheeler, prev_tid=952, dist=13.7px, thresh=150.0px, bbox_size=127.4x117.1
2026-08-29 09:36:21 [DEBUG] uvh_test.counter: track_id: 960, frame: 20511, previous_bottom_center: (1307.51513671875, 408.50922), current_bottom_center: (1337.01953125, 402.82513), previous_side: -13.40, current_side: 10.82, side_transition: True, crossing_result: True, direction: A_TO_B
2026-08-29 09:36:21 [DEBUG] uvh_test.main: frame=20511 COUNTED track_id=960 class=Two-wheeler
2026-08-29 09:36:25 [DEBUG] uvh_test.counter: track_id: 965, frame: 20720, previous_bottom_center: (1340.74853515625, 449.99335), current_bottom_center: (1375.937255859375, 439.64798), previous_side: -21.26, current_side: 10.24, side_transition: True, crossing_result: True, direction: A_TO_B
2026-08-29 09:36:25 [DEBUG] uvh_test.main: frame=20720 COUNTED track_id=965 class=LCV
2026-08-29 09:36:29 [DEBUG] uvh_test.counter: track_id: 971, frame: 20913, previous_bottom_center: (1298.436767578125, 399.06024), current_bottom_center: (1316.4686279296875, 395.08987), previous_side: -12.63, current_side: 2.53, side_transition: True, crossing_result: True, direction: A_TO_B
2026-08-29 09:36:29 [DEBUG] uvh_test.main: frame=20913 COUNTED track_id=971 class=Three-wheeler
2026-08-29 09:36:30 [DEBUG] uvh_test.counter: track_id: 967, frame: 20952, previous_bottom_center: (1310.42431640625, 409.4898), current_bottom_center: (1338.390869140625, 404.12463), previous_side: -12.14, current_side: 10.79, side_transition: True, crossing_result: True, direction: A_TO_B
2026-08-29 09:36:30 [DEBUG] uvh_test.main: frame=20952 COUNTED track_id=967 class=Two-wheeler
2026-08-29 09:36:35 [INFO] uvh_test.counter: SAFETY NET MERGE: Merging current tid=975 into lost_tid=975, dist=82.9px
2026-08-29 09:36:35 [DEBUG] uvh_test.main: frame=21176 COUNTED track_id=975 class=LCV
2026-08-29 09:36:36 [DEBUG] uvh_test.counter: track_id: 981, frame: 21206, previous_bottom_center: (1337.07568359375, 419.23868), current_bottom_center: (1364.142333984375, 413.57828), previous_side: -1.19, current_side: 21.35, side_transition: True, crossing_result: True, direction: A_TO_B
2026-08-29 09:36:36 [DEBUG] uvh_test.main: frame=21206 COUNTED track_id=981 class=Two-wheeler
2026-08-29 09:36:37 [DEBUG] uvh_test.counter: track_id: 990, frame: 21269, previous_bottom_center: (1411.943115234375, 511.7582), current_bottom_center: (1460.613525390625, 494.81244), previous_side: -18.22, current_side: 27.29, side_transition: True, crossing_result: True, direction: A_TO_B
2026-08-29 09:36:37 [INFO] uvh_test.counter: SAFETY NET REJECTION: Rejecting tid=990 as duplicate of class Two-wheeler, prev_tid=981, dist=126.1px, thresh=150.0px, bbox_size=198.1x169.6
2026-08-29 09:36:40 [DEBUG] uvh_test.counter: track_id: 991, frame: 21408, previous_bottom_center: (1346.901611328125, 430.59323), current_bottom_center: (1373.591552734375, 423.32736), previous_side: -2.85, current_side: 20.62, side_transition: True, crossing_result: True, direction: A_TO_B
2026-08-29 09:36:40 [DEBUG] uvh_test.main: frame=21408 COUNTED track_id=991 class=Three-wheeler
2026-08-29 09:36:41 [DEBUG] uvh_test.counter: track_id: 1000, frame: 21457, previous_bottom_center: (1283.2615966796875, 384.2085), current_bottom_center: (1306.153564453125, 379.4678), previous_side: -12.05, current_side: 6.98, side_transition: True, crossing_result: True, direction: A_TO_B
2026-08-29 09:36:41 [DEBUG] uvh_test.main: frame=21457 COUNTED track_id=1000 class=Two-wheeler
2026-08-29 09:36:43 [DEBUG] uvh_test.counter: track_id: 1001, frame: 21533, previous_bottom_center: (1311.944580078125, 409.51822), current_bottom_center: (1344.02001953125, 403.69278), previous_side: -11.13, current_side: 14.93, side_transition: True, crossing_result: True, direction: A_TO_B
2026-08-29 09:36:43 [INFO] uvh_test.counter: SAFETY NET REJECTION: Rejecting tid=1001 as duplicate of class Two-wheeler, prev_tid=1000, dist=45.0px, thresh=150.0px, bbox_size=142.2x120.2
2026-08-29 09:36:48 [DEBUG] uvh_test.counter: track_id: 1010, frame: 21744, previous_bottom_center: (1343.1334228515625, 469.11823), current_bottom_center: (1383.632568359375, 451.84332), previous_side: -33.68, current_side: 6.52, side_transition: True, crossing_result: True, direction: A_TO_B
2026-08-29 09:36:48 [DEBUG] uvh_test.main: frame=21744 COUNTED track_id=1010 class=Sedan
2026-08-29 09:36:48 [DEBUG] uvh_test.counter: track_id: 1012, frame: 21756, previous_bottom_center: (1557.906982421875, 720.2916), current_bottom_center: (1623.877685546875, 668.3605), previous_side: -72.07, current_side: 10.86, side_transition: True, crossing_result: True, direction: A_TO_B
2026-08-29 09:36:48 [DEBUG] uvh_test.main: frame=21756 COUNTED track_id=1012 class=Two-wheeler
2026-08-29 09:36:50 [DEBUG] uvh_test.counter: track_id: 1016, frame: 21825, previous_bottom_center: (1407.390380859375, 528.64484), current_bottom_center: (1425.2607421875, 492.50983), previous_side: -33.70, current_side: 4.96, side_transition: True, crossing_result: True, direction: A_TO_B
2026-08-29 09:36:50 [DEBUG] uvh_test.main: frame=21825 COUNTED track_id=1016 class=SUV
2026-08-29 09:36:55 [DEBUG] uvh_test.counter: track_id: 1025, frame: 22057, previous_bottom_center: (1281.00927734375, 385.06558), current_bottom_center: (1300.702880859375, 381.1397), previous_side: -14.21, current_side: 2.05, side_transition: True, crossing_result: True, direction: A_TO_B
2026-08-29 09:36:55 [DEBUG] uvh_test.main: frame=22057 COUNTED track_id=1025 class=Two-wheeler
2026-08-29 09:37:05 [DEBUG] uvh_test.counter: track_id: 1029, frame: 22556, previous_bottom_center: (1285.4560546875, 377.45178), current_bottom_center: (1298.751708984375, 375.19604), previous_side: -5.60, current_side: 5.09, side_transition: True, crossing_result: True, direction: A_TO_B
2026-08-29 09:37:05 [DEBUG] uvh_test.main: frame=22556 COUNTED track_id=1029 class=Two-wheeler
2026-08-29 09:37:09 [DEBUG] uvh_test.counter: track_id: 1032, frame: 22731, previous_bottom_center: (1271.59716796875, 371.42252), current_bottom_center: (1287.359619140625, 368.8806), previous_side: -10.59, current_side: 1.98, side_transition: True, crossing_result: True, direction: A_TO_B
2026-08-29 09:37:09 [DEBUG] uvh_test.main: frame=22731 COUNTED track_id=1032 class=Two-wheeler
2026-08-29 09:37:10 [DEBUG] uvh_test.counter: track_id: 1036, frame: 22758, previous_bottom_center: (1498.49951171875, 694.64685), current_bottom_center: (1595.208984375, 608.2526), previous_side: -93.61, current_side: 35.49, side_transition: True, crossing_result: True, direction: A_TO_B
2026-08-29 09:37:10 [DEBUG] uvh_test.counter: track_id: 1037, frame: 22758, previous_bottom_center: (1633.4287109375, 742.046), current_bottom_center: (1660.0882568359375, 666.65753), previous_side: -36.72, current_side: 36.71, side_transition: True, crossing_result: True, direction: A_TO_B
2026-08-29 09:37:10 [INFO] uvh_test.counter: SAFETY NET REJECTION: Rejecting tid=1037 as duplicate of class SUV, prev_tid=1036, dist=87.3px, thresh=150.0px, bbox_size=458.9x384.3
2026-08-29 09:37:10 [DEBUG] uvh_test.main: frame=22758 COUNTED track_id=1036 class=SUV
2026-08-29 09:37:13 [DEBUG] uvh_test.counter: track_id: 1043, frame: 22903, previous_bottom_center: (1313.8497314453125, 433.7004), current_bottom_center: (1349.61328125, 425.83185), previous_side: -27.58, current_side: 2.49, side_transition: True, crossing_result: True, direction: A_TO_B
2026-08-29 09:37:13 [DEBUG] uvh_test.main: frame=22903 COUNTED track_id=1043 class=Two-wheeler
2026-08-29 09:37:18 [DEBUG] uvh_test.counter: track_id: 1048, frame: 23158, previous_bottom_center: (1366.2451171875, 448.91696), current_bottom_center: (1391.1419677734375, 442.14493), previous_side: -3.15, current_side: 18.73, side_transition: True, crossing_result: True, direction: A_TO_B
2026-08-29 09:37:18 [DEBUG] uvh_test.main: frame=23158 COUNTED track_id=1048 class=Truck
2026-08-29 09:37:19 [DEBUG] uvh_test.counter: track_id: 1045, frame: 23194, previous_bottom_center: (1289.19140625, 395.99277), current_bottom_center: (1316.2742919921875, 389.50635), previous_side: -16.67, current_side: 6.49, side_transition: True, crossing_result: True, direction: A_TO_B
2026-08-29 09:37:19 [DEBUG] uvh_test.main: frame=23194 COUNTED track_id=1045 class=Two-wheeler
2026-08-29 09:37:20 [DEBUG] uvh_test.counter: track_id: 1052, frame: 23233, previous_bottom_center: (1302.973876953125, 401.9773), current_bottom_center: (1323.823486328125, 396.79327), previous_side: -11.69, current_side: 6.28, side_transition: True, crossing_result: True, direction: A_TO_B
2026-08-29 09:37:20 [INFO] uvh_test.counter: SAFETY NET REJECTION: Rejecting tid=1052 as duplicate of class Two-wheeler, prev_tid=1045, dist=10.5px, thresh=150.0px, bbox_size=121.1x115.8
2026-08-29 09:37:21 [DEBUG] uvh_test.counter: track_id: 1059, frame: 23265, previous_bottom_center: (1635.1492919921875, 706.33636), current_bottom_center: (1655.684814453125, 694.88367), previous_side: -9.35, current_side: 13.01, side_transition: True, crossing_result: True, direction: A_TO_B
2026-08-29 09:37:21 [DEBUG] uvh_test.main: frame=23265 COUNTED track_id=1059 class=tempo-traveller
2026-08-29 09:37:21 [DEBUG] uvh_test.counter: track_id: 1062, frame: 23266, previous_bottom_center: (1595.4788818359375, 657.28937), current_bottom_center: (1604.239990234375, 648.7935), previous_side: -0.31, current_side: 11.88, side_transition: True, crossing_result: True, direction: A_TO_B
2026-08-29 09:37:21 [DEBUG] uvh_test.main: frame=23266 COUNTED track_id=1062 class=LCV
2026-08-29 09:37:21 [DEBUG] uvh_test.counter: track_id: 1057, frame: 23269, previous_bottom_center: (1590.0872802734375, 759.34796), current_bottom_center: (1694.747802734375, 696.35236), previous_side: -78.86, current_side: 38.47, side_transition: True, crossing_result: True, direction: A_TO_B
2026-08-29 09:37:21 [INFO] uvh_test.counter: SAFETY NET REJECTION: Rejecting tid=1057 as duplicate of class LCV, prev_tid=1062, dist=102.2px, thresh=150.0px, bbox_size=450.5x384.3
2026-08-29 09:37:22 [DEBUG] uvh_test.counter: track_id: 1063, frame: 23286, previous_bottom_center: (1311.56005859375, 403.26382), current_bottom_center: (1340.081298828125, 397.25204), previous_side: -6.80, current_side: 16.98, side_transition: True, crossing_result: True, direction: A_TO_B
2026-08-29 09:37:22 [INFO] uvh_test.counter: SAFETY NET REJECTION: Rejecting tid=1063 as duplicate of class Two-wheeler, prev_tid=1045, dist=25.0px, thresh=150.0px, bbox_size=146.6x116.6
2026-08-29 09:37:22 [DEBUG] uvh_test.counter: track_id: 1065, frame: 23296, previous_bottom_center: (1279.3330078125, 370.81366), current_bottom_center: (1292.976318359375, 368.3018), previous_side: -4.89, current_side: 6.23, side_transition: True, crossing_result: True, direction: A_TO_B
2026-08-29 09:37:22 [INFO] uvh_test.counter: SAFETY NET REJECTION: Rejecting tid=1065 as duplicate of class Two-wheeler, prev_tid=1045, dist=31.5px, thresh=150.0px, bbox_size=107.6x100.9
2026-08-29 09:37:24 [DEBUG] uvh_test.counter: track_id: 1069, frame: 23388, previous_bottom_center: (1292.166015625, 395.816), current_bottom_center: (1313.6246337890625, 391.70178), previous_side: -14.51, current_side: 3.08, side_transition: True, crossing_result: True, direction: A_TO_B
2026-08-29 09:37:24 [DEBUG] uvh_test.main: frame=23388 COUNTED track_id=1069 class=Three-wheeler
2026-08-29 09:37:28 [DEBUG] uvh_test.counter: track_id: 1072, frame: 23552, previous_bottom_center: (1334.37109375, 419.04626), current_bottom_center: (1369.583984375, 410.83292), previous_side: -2.89, current_side: 27.06, side_transition: True, crossing_result: True, direction: A_TO_B
2026-08-29 09:37:28 [DEBUG] uvh_test.main: frame=23552 COUNTED track_id=1072 class=Two-wheeler
2026-08-29 09:37:31 [DEBUG] uvh_test.counter: track_id: 1074, frame: 23682, previous_bottom_center: (1574.6328125, 652.551), current_bottom_center: (1643.8963623046875, 640.7591), previous_side: -11.00, current_side: 44.71, side_transition: True, crossing_result: True, direction: A_TO_B
2026-08-29 09:37:31 [DEBUG] uvh_test.main: frame=23682 COUNTED track_id=1074 class=Truck
2026-08-29 09:37:31 [DEBUG] uvh_test.counter: track_id: 1077, frame: 23684, previous_bottom_center: (1545.4180908203125, 646.85565), current_bottom_center: (1554.844482421875, 608.70026), previous_side: -26.67, current_side: 7.74, side_transition: True, crossing_result: True, direction: A_TO_B
2026-08-29 09:37:31 [INFO] uvh_test.counter: SAFETY NET REJECTION: Rejecting tid=1077 as duplicate of class Truck, prev_tid=1074, dist=94.6px, thresh=300.0px, bbox_size=459.4x384.7
2026-08-29 09:37:31 [DEBUG] uvh_test.counter: track_id: 1078, frame: 23684, previous_bottom_center: (1598.5406494140625, 695.7456), current_bottom_center: (1605.982666015625, 658.4474), previous_side: -26.45, current_side: 5.98, side_transition: True, crossing_result: True, direction: A_TO_B
2026-08-29 09:37:31 [INFO] uvh_test.counter: SAFETY NET REJECTION: Rejecting tid=1078 as duplicate of class Truck, prev_tid=1074, dist=41.8px, thresh=300.0px, bbox_size=459.0x384.4
2026-08-29 09:37:34 [DEBUG] uvh_test.counter: track_id: 1080, frame: 23817, previous_bottom_center: (1280.994140625, 388.39676), current_bottom_center: (1317.648193359375, 381.36392), previous_side: -16.66, current_side: 13.40, side_transition: True, crossing_result: True, direction: A_TO_B
2026-08-29 09:37:34 [DEBUG] uvh_test.main: frame=23817 COUNTED track_id=1080 class=Two-wheeler
2026-08-29 09:37:34 [DEBUG] uvh_test.counter: track_id: 1085, frame: 23823, previous_bottom_center: (1518.83837890625, 657.5581), current_bottom_center: (1571.133544921875, 623.90875), previous_side: -52.58, current_side: 7.64, side_transition: True, crossing_result: True, direction: A_TO_B
2026-08-29 09:37:34 [DEBUG] uvh_test.main: frame=23823 COUNTED track_id=1085 class=Two-wheeler
2026-08-29 09:37:35 [DEBUG] uvh_test.counter: track_id: 1087, frame: 23841, previous_bottom_center: (1344.323974609375, 450.21457), current_bottom_center: (1391.07958984375, 436.80957), previous_side: -19.00, current_side: 22.61, side_transition: True, crossing_result: True, direction: A_TO_B
2026-08-29 09:37:35 [INFO] uvh_test.counter: SAFETY NET REJECTION: Rejecting tid=1087 as duplicate of class Two-wheeler, prev_tid=1080, dist=92.0px, thresh=150.0px, bbox_size=126.5x141.9
2026-08-29 09:37:40 [DEBUG] uvh_test.counter: track_id: 1091, frame: 24051, previous_bottom_center: (1364.159912109375, 444.7703), current_bottom_center: (1396.004150390625, 432.37714), previous_side: -1.52, current_side: 29.20, side_transition: True, crossing_result: True, direction: A_TO_B
2026-08-29 09:37:40 [DEBUG] uvh_test.main: frame=24051 COUNTED track_id=1091 class=tempo-traveller
2026-08-29 09:37:42 [DEBUG] uvh_test.counter: track_id: 1102, frame: 24154, previous_bottom_center: (1603.781982421875, 700.01794), current_bottom_center: (1593.2431640625, 636.0917), previous_side: -26.02, current_side: 13.72, side_transition: True, crossing_result: True, direction: A_TO_B
2026-08-29 09:37:42 [DEBUG] uvh_test.main: frame=24154 COUNTED track_id=1102 class=tempo-traveller
2026-08-29 09:37:46 [DEBUG] uvh_test.counter: track_id: 1106, frame: 24299, previous_bottom_center: (1323.5850830078125, 442.65018), current_bottom_center: (1361.51806640625, 432.98007), previous_side: -27.53, current_side: 5.33, side_transition: True, crossing_result: True, direction: A_TO_B
2026-08-29 09:37:46 [DEBUG] uvh_test.main: frame=24299 COUNTED track_id=1106 class=Two-wheeler
2026-08-29 09:37:50 [DEBUG] uvh_test.counter: track_id: 1108, frame: 24460, previous_bottom_center: (1617.880859375, 695.6845), current_bottom_center: (1663.01025390625, 559.56104), previous_side: -13.26, current_side: 117.28, side_transition: True, crossing_result: True, direction: A_TO_B
2026-08-29 09:37:50 [DEBUG] uvh_test.main: frame=24460 COUNTED track_id=1108 class=Hatchback
2026-08-29 09:37:52 [DEBUG] uvh_test.counter: track_id: 1113, frame: 24548, previous_bottom_center: (1397.76220703125, 479.3296), current_bottom_center: (1418.5401611328125, 469.6948), previous_side: -4.05, current_side: 17.13, side_transition: True, crossing_result: True, direction: A_TO_B
2026-08-29 09:37:52 [DEBUG] uvh_test.main: frame=24548 COUNTED track_id=1113 class=SUV
2026-08-29 09:37:55 [DEBUG] uvh_test.counter: track_id: 1129, frame: 24706, previous_bottom_center: (1377.169189453125, 472.7142), current_bottom_center: (1446.739990234375, 451.01056), previous_side: -13.19, current_side: 50.00, side_transition: True, crossing_result: True, direction: A_TO_B
2026-08-29 09:37:55 [DEBUG] uvh_test.main: frame=24706 COUNTED track_id=1129 class=Two-wheeler
2026-08-29 09:37:57 [DEBUG] uvh_test.counter: track_id: 1134, frame: 24759, previous_bottom_center: (1634.4288330078125, 713.01514), current_bottom_center: (1666.0111083984375, 684.7627), previous_side: -14.74, current_side: 27.45, side_transition: True, crossing_result: True, direction: A_TO_B
2026-08-29 09:37:57 [DEBUG] uvh_test.main: frame=24759 COUNTED track_id=1134 class=Two-wheeler
2026-08-29 09:37:58 [DEBUG] uvh_test.counter: track_id: 1135, frame: 24821, previous_bottom_center: (1268.449951171875, 374.35175), current_bottom_center: (1291.59716796875, 370.4567), previous_side: -14.88, current_side: 3.71, side_transition: True, crossing_result: True, direction: A_TO_B
2026-08-29 09:37:58 [DEBUG] uvh_test.main: frame=24821 COUNTED track_id=1135 class=Two-wheeler
2026-08-29 09:37:59 [DEBUG] uvh_test.counter: track_id: 1141, frame: 24828, previous_bottom_center: (1331.461669921875, 426.9883), current_bottom_center: (1355.6318359375, 419.9374), previous_side: -10.69, current_side: 10.90, side_transition: True, crossing_result: True, direction: A_TO_B
2026-08-29 09:37:59 [DEBUG] uvh_test.main: frame=24828 COUNTED track_id=1141 class=Truck
2026-08-29 09:38:06 [DEBUG] uvh_test.counter: track_id: 1147, frame: 25124, previous_bottom_center: (1509.18896484375, 687.3755), current_bottom_center: (1567.2139892578125, 604.1769), previous_side: -81.01, current_side: 19.46, side_transition: True, crossing_result: True, direction: A_TO_B
2026-08-29 09:38:06 [DEBUG] uvh_test.counter: track_id: 1149, frame: 25124, previous_bottom_center: (1605.986572265625, 691.876), current_bottom_center: (1654.43212890625, 651.5534), previous_side: -18.55, current_side: 43.95, side_transition: True, crossing_result: True, direction: A_TO_B
2026-08-29 09:38:06 [INFO] uvh_test.counter: SAFETY NET REJECTION: Rejecting tid=1149 as duplicate of class SUV, prev_tid=1147, dist=99.3px, thresh=150.0px, bbox_size=458.8x384.3
2026-08-29 09:38:06 [DEBUG] uvh_test.main: frame=25124 COUNTED track_id=1147 class=SUV
2026-08-29 09:38:07 [DEBUG] uvh_test.counter: track_id: 1155, frame: 25166, previous_bottom_center: (1326.538330078125, 430.8926), current_bottom_center: (1352.3231201171875, 423.84167), previous_side: -16.90, current_side: 5.79, side_transition: True, crossing_result: True, direction: A_TO_B
2026-08-29 09:38:07 [DEBUG] uvh_test.main: frame=25166 COUNTED track_id=1155 class=Two-wheeler
2026-08-29 09:38:07 [DEBUG] uvh_test.counter: track_id: 1158, frame: 25170, previous_bottom_center: (1298.919677734375, 390.48395), current_bottom_center: (1321.463623046875, 386.28583), previous_side: -6.01, current_side: 12.38, side_transition: True, crossing_result: True, direction: A_TO_B
2026-08-29 09:38:07 [INFO] uvh_test.counter: SAFETY NET REJECTION: Rejecting tid=1158 as duplicate of class Two-wheeler, prev_tid=1155, dist=48.6px, thresh=150.0px, bbox_size=125.2x117.2
2026-08-29 09:38:09 [DEBUG] uvh_test.counter: track_id: 1162, frame: 25246, previous_bottom_center: (1554.4312744140625, 645.8356), current_bottom_center: (1604.269775390625, 642.73804), previous_side: -19.79, current_side: 16.34, side_transition: True, crossing_result: True, direction: A_TO_B
2026-08-29 09:38:09 [DEBUG] uvh_test.counter: track_id: 1163, frame: 25246, previous_bottom_center: (1539.741943359375, 625.17755), current_bottom_center: (1570.447265625, 568.9888), previous_side: -14.61, current_side: 47.48, side_transition: True, crossing_result: True, direction: A_TO_B
2026-08-29 09:38:09 [INFO] uvh_test.counter: SAFETY NET REJECTION: Rejecting tid=1163 as duplicate of class Sedan, prev_tid=1162, dist=81.1px, thresh=150.0px, bbox_size=276.9x224.6
2026-08-29 09:38:09 [DEBUG] uvh_test.main: frame=25246 COUNTED track_id=1162 class=Sedan
2026-08-29 09:38:12 [DEBUG] uvh_test.counter: track_id: 1167, frame: 25335, previous_bottom_center: (1326.64208984375, 451.61594), current_bottom_center: (1377.4766845703125, 437.42624), previous_side: -32.04, current_side: 12.91, side_transition: True, crossing_result: True, direction: A_TO_B
2026-08-29 09:38:12 [DEBUG] uvh_test.main: frame=25335 COUNTED track_id=1167 class=Two-wheeler
2026-08-29 09:38:14 [DEBUG] uvh_test.counter: track_id: 1169, frame: 25406, previous_bottom_center: (1350.292236328125, 451.98148), current_bottom_center: (1385.664306640625, 440.48938), previous_side: -16.24, current_side: 16.23, side_transition: True, crossing_result: True, direction: A_TO_B
2026-08-29 09:38:14 [DEBUG] uvh_test.main: frame=25406 COUNTED track_id=1169 class=Sedan
2026-08-29 09:38:15 [DEBUG] uvh_test.counter: track_id: 1177, frame: 25453, previous_bottom_center: (1343.824951171875, 459.31268), current_bottom_center: (1380.55029296875, 448.4347), previous_side: -26.01, current_side: 6.92, side_transition: True, crossing_result: True, direction: A_TO_B
2026-08-29 09:38:15 [INFO] uvh_test.counter: SAFETY NET REJECTION: Rejecting tid=1177 as duplicate of class Two-wheeler, prev_tid=1167, dist=11.4px, thresh=150.0px, bbox_size=142.8x147.3
2026-08-29 09:38:16 [DEBUG] uvh_test.counter: track_id: 1178, frame: 25488, previous_bottom_center: (1282.857666015625, 392.588), current_bottom_center: (1309.8056640625, 386.63052), previous_side: -18.47, current_side: 4.21, side_transition: True, crossing_result: True, direction: A_TO_B
2026-08-29 09:38:16 [DEBUG] uvh_test.main: frame=25488 COUNTED track_id=1178 class=Two-wheeler
2026-08-29 09:38:19 [DEBUG] uvh_test.counter: track_id: 1179, frame: 25616, previous_bottom_center: (1572.88671875, 665.74036), current_bottom_center: (1620.2823486328125, 632.9731), previous_side: -21.86, current_side: 34.38, side_transition: True, crossing_result: True, direction: A_TO_B
2026-08-29 09:38:19 [DEBUG] uvh_test.main: frame=25616 COUNTED track_id=1179 class=Two-wheeler
2026-08-29 09:38:24 [DEBUG] uvh_test.counter: track_id: 1184, frame: 25836, previous_bottom_center: (1283.00048828125, 397.18982), current_bottom_center: (1307.6068115234375, 387.0602), previous_side: -21.75, current_side: 2.40, side_transition: True, crossing_result: True, direction: A_TO_B
2026-08-29 09:38:24 [DEBUG] uvh_test.main: frame=25836 COUNTED track_id=1184 class=LCV
2026-08-29 09:38:25 [DEBUG] uvh_test.counter: track_id: 1186, frame: 25841, previous_bottom_center: (1348.5321044921875, 458.8641), current_bottom_center: (1379.146240234375, 451.01483), previous_side: -22.48, current_side: 4.08, side_transition: True, crossing_result: True, direction: A_TO_B
2026-08-29 09:38:25 [DEBUG] uvh_test.main: frame=25841 COUNTED track_id=1186 class=Three-wheeler
2026-08-29 09:38:29 [DEBUG] uvh_test.counter: track_id: 1204, frame: 26012, previous_bottom_center: (1411.13232421875, 489.9975), current_bottom_center: (1448.6378173828125, 475.1437), previous_side: -2.80, current_side: 33.58, side_transition: True, crossing_result: True, direction: A_TO_B
2026-08-29 09:38:29 [DEBUG] uvh_test.main: frame=26012 COUNTED track_id=1204 class=MUV
2026-08-29 09:38:35 [DEBUG] uvh_test.counter: track_id: 1216, frame: 26260, previous_bottom_center: (1307.763427734375, 393.69), current_bottom_center: (1344.816162109375, 385.625), previous_side: -2.36, current_side: 28.73, side_transition: True, crossing_result: True, direction: A_TO_B
2026-08-29 09:38:35 [DEBUG] uvh_test.main: frame=26260 COUNTED track_id=1216 class=Two-wheeler
2026-08-29 09:38:38 [DEBUG] uvh_test.counter: track_id: 1220, frame: 26359, previous_bottom_center: (1324.90380859375, 454.2841), current_bottom_center: (1369.1209716796875, 440.06528), previous_side: -35.18, current_side: 5.30, side_transition: True, crossing_result: True, direction: A_TO_B
2026-08-29 09:38:38 [INFO] uvh_test.counter: SAFETY NET REJECTION: Rejecting tid=1220 as duplicate of class Two-wheeler, prev_tid=1216, dist=59.6px, thresh=150.0px, bbox_size=147.1x143.2
2026-08-29 09:38:38 [DEBUG] uvh_test.counter: track_id: 1218, frame: 26371, previous_bottom_center: (1296.211181640625, 390.38336), current_bottom_center: (1315.294677734375, 386.82574), previous_side: -7.78, current_side: 7.80, side_transition: True, crossing_result: True, direction: A_TO_B
2026-08-29 09:38:38 [INFO] uvh_test.counter: SAFETY NET REJECTION: Rejecting tid=1218 as duplicate of class Two-wheeler, prev_tid=1216, dist=29.5px, thresh=150.0px, bbox_size=120.3x108.6
2026-08-29 09:38:44 [DEBUG] uvh_test.counter: track_id: 1226, frame: 26631, previous_bottom_center: (1304.681396484375, 410.40543), current_bottom_center: (1328.229248046875, 404.90894), previous_side: -16.72, current_side: 3.31, side_transition: True, crossing_result: True, direction: A_TO_B
2026-08-29 09:38:44 [DEBUG] uvh_test.main: frame=26631 COUNTED track_id=1226 class=Three-wheeler
2026-08-29 09:38:46 [DEBUG] uvh_test.counter: track_id: 1232, frame: 26683, previous_bottom_center: (1317.4481201171875, 417.65204), current_bottom_center: (1353.828369140625, 410.28766), previous_side: -13.36, current_side: 16.76, side_transition: True, crossing_result: True, direction: A_TO_B
2026-08-29 09:38:46 [DEBUG] uvh_test.main: frame=26683 COUNTED track_id=1232 class=Two-wheeler
2026-08-29 09:38:47 [DEBUG] uvh_test.counter: track_id: 1233, frame: 26728, previous_bottom_center: (1320.71630859375, 443.81552), current_bottom_center: (1360.558349609375, 432.7319), previous_side: -30.34, current_side: 4.86, side_transition: True, crossing_result: True, direction: A_TO_B
2026-08-29 09:38:47 [INFO] uvh_test.counter: SAFETY NET REJECTION: Rejecting tid=1233 as duplicate of class Two-wheeler, prev_tid=1232, dist=23.4px, thresh=150.0px, bbox_size=141.9x141.1
2026-08-29 09:38:49 [DEBUG] uvh_test.counter: track_id: 1236, frame: 26794, previous_bottom_center: (1331.3240966796875, 435.7178), current_bottom_center: (1366.6796875, 427.17993), previous_side: -17.19, current_side: 13.10, side_transition: True, crossing_result: True, direction: A_TO_B
2026-08-29 09:38:49 [INFO] uvh_test.counter: SAFETY NET REJECTION: Rejecting tid=1236 as duplicate of class Two-wheeler, prev_tid=1232, dist=21.2px, thresh=150.0px, bbox_size=140.5x136.1
2026-08-29 09:38:52 [DEBUG] uvh_test.counter: track_id: 1246, frame: 26896, previous_bottom_center: (1389.4747314453125, 517.79645), current_bottom_center: (1428.5535888671875, 497.40277), previous_side: -37.91, current_side: 3.60, side_transition: True, crossing_result: True, direction: A_TO_B
2026-08-29 09:38:52 [DEBUG] uvh_test.main: frame=26896 COUNTED track_id=1246 class=tempo-traveller
2026-08-29 09:38:53 [DEBUG] uvh_test.counter: track_id: 1254, frame: 26946, previous_bottom_center: (1332.180908203125, 425.98172), current_bottom_center: (1366.7462158203125, 415.8083), previous_side: -9.46, current_side: 21.48, side_transition: True, crossing_result: True, direction: A_TO_B
2026-08-29 09:38:53 [DEBUG] uvh_test.main: frame=26946 COUNTED track_id=1254 class=Sedan
2026-08-29 09:38:54 [DEBUG] uvh_test.counter: track_id: 1262, frame: 26972, previous_bottom_center: (1598.8480224609375, 703.98944), current_bottom_center: (1651.547607421875, 657.93146), previous_side: -32.29, current_side: 37.31, side_transition: True, crossing_result: True, direction: A_TO_B
2026-08-29 09:38:54 [INFO] uvh_test.counter: SAFETY NET REJECTION: Rejecting tid=1262 as duplicate of class tempo-traveller, prev_tid=1246, dist=274.8px, thresh=300.0px, bbox_size=458.9x384.3
2026-08-29 09:38:54 [DEBUG] uvh_test.counter: track_id: 1261, frame: 26973, previous_bottom_center: (1667.664306640625, 738.6794), current_bottom_center: (1696.1873779296875, 702.5256), previous_side: -10.99, current_side: 34.92, side_transition: True, crossing_result: True, direction: A_TO_B
2026-08-29 09:38:54 [DEBUG] uvh_test.main: frame=26973 COUNTED track_id=1261 class=tempo-traveller
2026-08-29 09:38:55 [DEBUG] uvh_test.counter: track_id: 1271, frame: 26997, previous_bottom_center: (1428.815673828125, 508.91748), current_bottom_center: (1469.5211181640625, 484.801), previous_side: -4.67, current_side: 40.68, side_transition: True, crossing_result: True, direction: A_TO_B
2026-08-29 09:38:55 [INFO] uvh_test.counter: SAFETY NET REJECTION: Rejecting tid=1271 as duplicate of class Sedan, prev_tid=1254, dist=123.8px, thresh=150.0px, bbox_size=220.0x168.5
2026-08-29 09:39:00 [INFO] uvh_test.counter: SAFETY NET MERGE: Merging current tid=1278 into lost_tid=1278, dist=82.1px
2026-08-29 09:39:00 [DEBUG] uvh_test.main: frame=27250 COUNTED track_id=1278 class=SUV
2026-08-29 09:39:03 [DEBUG] uvh_test.counter: track_id: 1276, frame: 27357, previous_bottom_center: (1294.408447265625, 393.41983), current_bottom_center: (1327.370361328125, 386.83057), previous_side: -11.23, current_side: 16.00, side_transition: True, crossing_result: True, direction: A_TO_B
2026-08-29 09:39:03 [DEBUG] uvh_test.main: frame=27357 COUNTED track_id=1276 class=Two-wheeler
2026-08-29 09:39:05 [DEBUG] uvh_test.counter: track_id: 1284, frame: 27432, previous_bottom_center: (1538.543212890625, 694.0325), current_bottom_center: (1603.428466796875, 654.64685), previous_side: -65.95, current_side: 7.03, side_transition: True, crossing_result: True, direction: A_TO_B
2026-08-29 09:39:05 [DEBUG] uvh_test.main: frame=27432 COUNTED track_id=1284 class=SUV
2026-08-29 09:39:08 [DEBUG] uvh_test.counter: track_id: 1290, frame: 27548, previous_bottom_center: (1304.12060546875, 407.72705), current_bottom_center: (1330.5963134765625, 402.58185), previous_side: -15.13, current_side: 6.63, side_transition: True, crossing_result: True, direction: A_TO_B
2026-08-29 09:39:08 [DEBUG] uvh_test.main: frame=27548 COUNTED track_id=1290 class=SUV
2026-08-29 09:39:09 [DEBUG] uvh_test.counter: track_id: 1300, frame: 27587, previous_bottom_center: (1365.69140625, 472.47302), current_bottom_center: (1410.7947998046875, 458.38666), previous_side: -20.81, current_side: 20.17, side_transition: True, crossing_result: True, direction: A_TO_B
2026-08-29 09:39:09 [DEBUG] uvh_test.main: frame=27587 COUNTED track_id=1300 class=Two-wheeler
2026-08-29 09:39:12 [DEBUG] uvh_test.counter: track_id: 1301, frame: 27684, previous_bottom_center: (1324.053955078125, 461.21606), current_bottom_center: (1374.78564453125, 447.60104), previous_side: -40.84, current_side: 3.62, side_transition: True, crossing_result: True, direction: A_TO_B
2026-08-29 09:39:12 [INFO] uvh_test.counter: SAFETY NET REJECTION: Rejecting tid=1301 as duplicate of class Two-wheeler, prev_tid=1300, dist=37.6px, thresh=150.0px, bbox_size=163.3x161.3
2026-08-29 09:39:13 [DEBUG] uvh_test.counter: track_id: 1302, frame: 27716, previous_bottom_center: (1283.8232421875, 384.5786), current_bottom_center: (1307.923828125, 380.37604), previous_side: -11.94, current_side: 7.52, side_transition: True, crossing_result: True, direction: A_TO_B
2026-08-29 09:39:13 [INFO] uvh_test.counter: SAFETY NET REJECTION: Rejecting tid=1302 as duplicate of class Two-wheeler, prev_tid=1300, dist=129.1px, thresh=150.0px, bbox_size=119.0x107.1
2026-08-29 09:39:13 [DEBUG] uvh_test.counter: track_id: 1307, frame: 27742, previous_bottom_center: (1557.670166015625, 652.7344), current_bottom_center: (1641.65771484375, 593.4105), previous_side: -22.66, current_side: 77.94, side_transition: True, crossing_result: True, direction: A_TO_B
2026-08-29 09:39:13 [DEBUG] uvh_test.main: frame=27742 COUNTED track_id=1307 class=tempo-traveller
2026-08-29 09:39:16 [DEBUG] uvh_test.counter: track_id: 1316, frame: 27818, previous_bottom_center: (1363.880126953125, 455.72977), current_bottom_center: (1387.95068359375, 448.77228), previous_side: -9.76, current_side: 11.70, side_transition: True, crossing_result: True, direction: A_TO_B
2026-08-29 09:39:16 [DEBUG] uvh_test.main: frame=27818 COUNTED track_id=1316 class=LCV
2026-08-29 09:39:19 [DEBUG] uvh_test.counter: track_id: 1328, frame: 27956, previous_bottom_center: (1368.2117919921875, 457.29483), current_bottom_center: (1412.7197265625, 444.7659), previous_side: -7.96, current_side: 31.47, side_transition: True, crossing_result: True, direction: A_TO_B
2026-08-29 09:39:19 [DEBUG] uvh_test.main: frame=27956 COUNTED track_id=1328 class=Two-wheeler
2026-08-29 09:39:26 [DEBUG] uvh_test.counter: track_id: 1332, frame: 28261, previous_bottom_center: (1270.774658203125, 380.176), current_bottom_center: (1294.503173828125, 376.28802), previous_side: -17.57, current_side: 1.40, side_transition: True, crossing_result: True, direction: A_TO_B
2026-08-29 09:39:26 [DEBUG] uvh_test.main: frame=28261 COUNTED track_id=1332 class=Two-wheeler
2026-08-29 09:39:30 [DEBUG] uvh_test.counter: track_id: 1338, frame: 28413, previous_bottom_center: (1297.2423095703125, 388.8742), current_bottom_center: (1310.193603515625, 385.68835), previous_side: -5.97, current_side: 5.16, side_transition: True, crossing_result: True, direction: A_TO_B
2026-08-29 09:39:30 [DEBUG] uvh_test.main: frame=28413 COUNTED track_id=1338 class=Sedan
2026-08-29 09:39:32 [DEBUG] uvh_test.counter: track_id: 1350, frame: 28459, previous_bottom_center: (1538.1566162109375, 670.8199), current_bottom_center: (1583.766357421875, 635.3496), previous_side: -49.18, current_side: 7.83, side_transition: True, crossing_result: True, direction: A_TO_B
2026-08-29 09:39:32 [DEBUG] uvh_test.main: frame=28459 COUNTED track_id=1350 class=Two-wheeler
2026-08-29 09:39:35 [DEBUG] uvh_test.counter: track_id: 1351, frame: 28587, previous_bottom_center: (1412.2080078125, 526.47437), current_bottom_center: (1440.14501953125, 490.57236), previous_side: -28.83, current_side: 16.49, side_transition: True, crossing_result: True, direction: A_TO_B
2026-08-29 09:39:35 [DEBUG] uvh_test.main: frame=28587 COUNTED track_id=1351 class=SUV
2026-08-29 09:39:36 [DEBUG] uvh_test.counter: track_id: 1355, frame: 28607, previous_bottom_center: (1602.955810546875, 695.9631), current_bottom_center: (1675.95458984375, 695.82385), previous_side: -23.61, current_side: 26.09, side_transition: True, crossing_result: True, direction: A_TO_B
2026-08-29 09:39:36 [DEBUG] uvh_test.main: frame=28607 COUNTED track_id=1355 class=SUV
2026-08-29 09:39:41 [DEBUG] uvh_test.counter: track_id: 1364, frame: 28814, previous_bottom_center: (1390.9462890625, 475.21402), current_bottom_center: (1412.335693359375, 467.38123), previous_side: -5.66, current_side: 14.61, side_transition: True, crossing_result: True, direction: A_TO_B
2026-08-29 09:39:41 [DEBUG] uvh_test.main: frame=28814 COUNTED track_id=1364 class=Sedan
2026-08-29 09:39:43 [DEBUG] uvh_test.counter: track_id: 1371, frame: 28880, previous_bottom_center: (1355.505615234375, 435.70016), current_bottom_center: (1385.347412109375, 428.17126), previous_side: -0.75, current_side: 25.05, side_transition: True, crossing_result: True, direction: A_TO_B
2026-08-29 09:39:43 [DEBUG] uvh_test.main: frame=28880 COUNTED track_id=1371 class=Two-wheeler
2026-08-29 09:39:44 [DEBUG] uvh_test.counter: track_id: 1374, frame: 28935, previous_bottom_center: (1337.8624267578125, 418.807), current_bottom_center: (1363.261962890625, 413.28928), previous_side: -0.34, current_side: 20.97, side_transition: True, crossing_result: True, direction: A_TO_B
2026-08-29 09:39:44 [INFO] uvh_test.counter: SAFETY NET REJECTION: Rejecting tid=1374 as duplicate of class Two-wheeler, prev_tid=1371, dist=26.6px, thresh=150.0px, bbox_size=140.1x127.0
2026-08-29 09:39:44 [DEBUG] uvh_test.counter: track_id: 1380, frame: 28936, previous_bottom_center: (1519.816650390625, 662.43195), current_bottom_center: (1575.458984375, 619.0236), previous_side: -55.49, current_side: 14.17, side_transition: True, crossing_result: True, direction: A_TO_B
2026-08-29 09:39:44 [DEBUG] uvh_test.main: frame=28936 COUNTED track_id=1380 class=Hatchback
2026-08-29 09:39:47 [DEBUG] uvh_test.counter: track_id: 1385, frame: 29020, previous_bottom_center: (1324.40185546875, 428.66742), current_bottom_center: (1344.8599853515625, 423.16187), previous_side: -16.72, current_side: 1.22, side_transition: True, crossing_result: True, direction: A_TO_B
2026-08-29 09:39:47 [DEBUG] uvh_test.main: frame=29020 COUNTED track_id=1385 class=Three-wheeler
2026-08-29 09:39:49 [DEBUG] uvh_test.counter: track_id: 1398, frame: 29111, previous_bottom_center: (1472.6796875, 601.1993), current_bottom_center: (1538.6763916015625, 596.88776), previous_side: -42.58, current_side: 5.42, side_transition: True, crossing_result: True, direction: A_TO_B
2026-08-29 09:39:49 [INFO] uvh_test.counter: SAFETY NET MERGE: Merging current tid=1399 into lost_tid=1399, dist=72.9px
2026-08-29 09:39:49 [INFO] uvh_test.counter: SAFETY NET REJECTION (MERGE PATH): Rejecting tid=1399 as duplicate of class Bus, prev_tid=1398, dist=114.9px, thresh=344.2px
2026-08-29 09:39:49 [DEBUG] uvh_test.main: frame=29111 COUNTED track_id=1398 class=Bus
2026-08-29 09:39:57 [DEBUG] uvh_test.counter: track_id: 1405, frame: 29387, previous_bottom_center: (1370.598876953125, 457.47125), current_bottom_center: (1402.37890625, 448.8268), previous_side: -6.47, current_side: 21.46, side_transition: True, crossing_result: True, direction: A_TO_B
2026-08-29 09:39:57 [DEBUG] uvh_test.main: frame=29387 COUNTED track_id=1405 class=Two-wheeler
2026-08-29 09:40:00 [DEBUG] uvh_test.counter: track_id: 1409, frame: 29518, previous_bottom_center: (1304.696044921875, 390.20636), current_bottom_center: (1323.939208984375, 386.89484), previous_side: -1.89, current_side: 13.62, side_transition: True, crossing_result: True, direction: A_TO_B
2026-08-29 09:40:00 [INFO] uvh_test.counter: SAFETY NET REJECTION: Rejecting tid=1409 as duplicate of class Two-wheeler, prev_tid=1405, dist=99.9px, thresh=150.0px, bbox_size=133.4x111.9
2026-08-29 09:40:02 [DEBUG] uvh_test.counter: track_id: 1412, frame: 29577, previous_bottom_center: (1312.697998046875, 413.82327), current_bottom_center: (1342.693115234375, 407.281), previous_side: -13.78, current_side: 11.40, side_transition: True, crossing_result: True, direction: A_TO_B
2026-08-29 09:40:02 [DEBUG] uvh_test.main: frame=29577 COUNTED track_id=1412 class=Two-wheeler
2026-08-29 09:40:05 [DEBUG] uvh_test.counter: track_id: 1421, frame: 29681, previous_bottom_center: (1344.80615234375, 427.33316), current_bottom_center: (1375.790771484375, 418.4595), previous_side: -1.88, current_side: 25.68, side_transition: True, crossing_result: True, direction: A_TO_B
2026-08-29 09:40:05 [DEBUG] uvh_test.main: frame=29681 COUNTED track_id=1421 class=Three-wheeler
2026-08-29 09:40:11 [DEBUG] uvh_test.counter: track_id: 1424, frame: 29902, previous_bottom_center: (1286.1817626953125, 377.03906), current_bottom_center: (1298.6043701171875, 374.8634), previous_side: -4.80, current_side: 5.23, side_transition: True, crossing_result: True, direction: A_TO_B
2026-08-29 09:40:11 [DEBUG] uvh_test.main: frame=29902 COUNTED track_id=1424 class=Two-wheeler
2026-08-29 09:40:18 [DEBUG] uvh_test.counter: track_id: 1427, frame: 30226, previous_bottom_center: (1310.85107421875, 400.75528), current_bottom_center: (1339.801025390625, 394.63055), previous_side: -5.44, current_side: 18.72, side_transition: True, crossing_result: True, direction: A_TO_B
2026-08-29 09:40:18 [DEBUG] uvh_test.main: frame=30226 COUNTED track_id=1427 class=Two-wheeler
2026-08-29 09:40:18 [DEBUG] uvh_test.counter: track_id: 1431, frame: 30232, previous_bottom_center: (1339.732666015625, 471.15863), current_bottom_center: (1385.337646484375, 457.69275), previous_side: -37.48, current_side: 3.38, side_transition: True, crossing_result: True, direction: A_TO_B
2026-08-29 09:40:18 [INFO] uvh_test.counter: SAFETY NET REJECTION: Rejecting tid=1431 as duplicate of class Two-wheeler, prev_tid=1427, dist=77.8px, thresh=150.0px, bbox_size=197.7x147.6
2026-08-29 09:40:19 [DEBUG] uvh_test.counter: track_id: 1428, frame: 30263, previous_bottom_center: (1332.5203857421875, 446.49454), current_bottom_center: (1376.1990966796875, 435.68234), previous_side: -24.29, current_side: 13.32, side_transition: True, crossing_result: True, direction: A_TO_B
2026-08-29 09:40:19 [INFO] uvh_test.counter: SAFETY NET REJECTION: Rejecting tid=1428 as duplicate of class Two-wheeler, prev_tid=1427, dist=54.9px, thresh=150.0px, bbox_size=162.9x139.5
2026-08-29 09:40:21 [DEBUG] uvh_test.counter: track_id: 1435, frame: 30330, previous_bottom_center: (1324.298828125, 430.22885), current_bottom_center: (1358.2646484375, 420.72412), previous_side: -17.94, current_side: 12.12, side_transition: True, crossing_result: True, direction: A_TO_B
2026-08-29 09:40:21 [INFO] uvh_test.counter: SAFETY NET REJECTION: Rejecting tid=1435 as duplicate of class Two-wheeler, prev_tid=1427, dist=32.0px, thresh=150.0px, bbox_size=133.6x132.9
2026-08-29 09:40:25 [DEBUG] uvh_test.counter: track_id: 1437, frame: 30455, previous_bottom_center: (1316.426025390625, 403.65674), current_bottom_center: (1342.297607421875, 398.01624), previous_side: -3.79, current_side: 17.93, side_transition: True, crossing_result: True, direction: A_TO_B
2026-08-29 09:40:25 [DEBUG] uvh_test.main: frame=30455 COUNTED track_id=1437 class=Two-wheeler
2026-08-29 09:40:28 [DEBUG] uvh_test.counter: track_id: 1438, frame: 30565, previous_bottom_center: (1318.671142578125, 402.41376), current_bottom_center: (1351.2880859375, 395.4799), previous_side: -1.35, current_side: 25.90, side_transition: True, crossing_result: True, direction: A_TO_B
2026-08-29 09:40:28 [INFO] uvh_test.counter: SAFETY NET REJECTION: Rejecting tid=1438 as duplicate of class Two-wheeler, prev_tid=1437, dist=9.3px, thresh=150.0px, bbox_size=121.5x119.0
2026-08-29 09:40:33 [DEBUG] uvh_test.counter: track_id: 1440, frame: 30809, previous_bottom_center: (1286.188232421875, 383.72604), current_bottom_center: (1309.519287109375, 379.81976), previous_side: -9.70, current_side: 9.01, side_transition: True, crossing_result: True, direction: A_TO_B
2026-08-29 09:40:33 [DEBUG] uvh_test.main: frame=30809 COUNTED track_id=1440 class=Two-wheeler
2026-08-29 09:40:39 [DEBUG] uvh_test.counter: track_id: 1450, frame: 31033, previous_bottom_center: (1591.833740234375, 716.14734), current_bottom_center: (1641.734375, 675.9379), previous_side: -45.98, current_side: 17.43, side_transition: True, crossing_result: True, direction: A_TO_B
2026-08-29 09:40:39 [DEBUG] uvh_test.main: frame=31033 COUNTED track_id=1450 class=Two-wheeler
2026-08-29 09:40:39 [DEBUG] uvh_test.counter: track_id: 1453, frame: 31056, previous_bottom_center: (1470.2734375, 551.6806), current_bottom_center: (1470.564697265625, 519.3379), previous_side: -7.88, current_side: 16.05, side_transition: True, crossing_result: True, direction: A_TO_B
2026-08-29 09:40:39 [DEBUG] uvh_test.counter: track_id: 1447, frame: 31056, previous_bottom_center: (1264.767822265625, 550.1973), current_bottom_center: (1413.36962890625, 459.98553), previous_side: -146.41, current_side: 20.74, side_transition: True, crossing_result: True, direction: A_TO_B
2026-08-29 09:40:39 [INFO] uvh_test.counter: SAFETY NET REJECTION: Rejecting tid=1447 as duplicate of class Bus, prev_tid=1453, dist=82.4px, thresh=344.1px, bbox_size=458.8x384.3
2026-08-29 09:40:39 [DEBUG] uvh_test.main: frame=31056 COUNTED track_id=1453 class=Bus
2026-08-29 09:40:40 [DEBUG] uvh_test.counter: track_id: 1446, frame: 31060, previous_bottom_center: (1419.9677734375, 503.26675), current_bottom_center: (1452.398193359375, 503.2969), previous_side: -6.53, current_side: 15.48, side_transition: True, crossing_result: True, direction: A_TO_B
2026-08-29 09:40:40 [INFO] uvh_test.counter: SAFETY NET REJECTION: Rejecting tid=1446 as duplicate of class Bus, prev_tid=1453, dist=24.2px, thresh=344.3px, bbox_size=459.0x384.5
2026-08-29 09:40:41 [DEBUG] uvh_test.counter: track_id: 1458, frame: 31111, previous_bottom_center: (1480.38818359375, 609.04443), current_bottom_center: (1528.5537109375, 564.47455), previous_side: -43.10, current_side: 22.33, side_transition: True, crossing_result: True, direction: A_TO_B
2026-08-29 09:40:41 [DEBUG] uvh_test.main: frame=31111 COUNTED track_id=1458 class=Truck
2026-08-29 09:40:41 [DEBUG] uvh_test.counter: track_id: 1466, frame: 31112, previous_bottom_center: (1442.128173828125, 599.7182), current_bottom_center: (1535.260498046875, 599.6763), previous_side: -62.25, current_side: 1.05, side_transition: True, crossing_result: True, direction: A_TO_B
2026-08-29 09:40:41 [DEBUG] uvh_test.counter: track_id: 1469, frame: 31112, previous_bottom_center: (1413.1278076171875, 551.7542), current_bottom_center: (1487.0985107421875, 551.6993), previous_side: -46.76, current_side: 3.54, side_transition: True, crossing_result: True, direction: A_TO_B
2026-08-29 09:40:41 [INFO] uvh_test.counter: SAFETY NET REJECTION: Rejecting tid=1469 as duplicate of class LCV, prev_tid=1466, dist=68.0px, thresh=150.0px, bbox_size=459.0x384.3
2026-08-29 09:40:41 [DEBUG] uvh_test.main: frame=31112 COUNTED track_id=1466 class=LCV
2026-08-29 09:40:41 [DEBUG] uvh_test.counter: track_id: 1468, frame: 31113, previous_bottom_center: (1494.2943115234375, 647.7318), current_bottom_center: (1552.81640625, 612.9277), previous_side: -62.04, current_side: 3.26, side_transition: True, crossing_result: True, direction: A_TO_B
2026-08-29 09:40:41 [INFO] uvh_test.counter: SAFETY NET REJECTION: Rejecting tid=1468 as duplicate of class LCV, prev_tid=1466, dist=22.0px, thresh=150.0px, bbox_size=458.9x384.3
2026-08-29 09:40:43 [DEBUG] uvh_test.counter: track_id: 1476, frame: 31196, previous_bottom_center: (1336.21533203125, 434.5512), current_bottom_center: (1367.129150390625, 427.56946), previous_side: -13.01, current_side: 13.11, side_transition: True, crossing_result: True, direction: A_TO_B
2026-08-29 09:40:43 [DEBUG] uvh_test.main: frame=31196 COUNTED track_id=1476 class=Two-wheeler
2026-08-29 09:40:44 [DEBUG] uvh_test.counter: track_id: 1477, frame: 31238, previous_bottom_center: (1343.328857421875, 451.6094), current_bottom_center: (1372.285888671875, 442.42975), previous_side: -20.70, current_side: 5.71, side_transition: True, crossing_result: True, direction: A_TO_B
2026-08-29 09:40:44 [INFO] uvh_test.counter: SAFETY NET REJECTION: Rejecting tid=1477 as duplicate of class Two-wheeler, prev_tid=1476, dist=15.7px, thresh=150.0px, bbox_size=154.9x146.0
2026-08-29 09:40:45 [DEBUG] uvh_test.counter: track_id: 1479, frame: 31247, previous_bottom_center: (1389.456298828125, 472.68457), current_bottom_center: (1425.8173828125, 461.748), previous_side: -4.82, current_side: 27.91, side_transition: True, crossing_result: True, direction: A_TO_B
2026-08-29 09:40:45 [INFO] uvh_test.counter: SAFETY NET REJECTION: Rejecting tid=1479 as duplicate of class Two-wheeler, prev_tid=1476, dist=67.9px, thresh=150.0px, bbox_size=173.7x157.1
2026-08-29 09:40:46 [DEBUG] uvh_test.counter: track_id: 1485, frame: 31300, previous_bottom_center: (1280.2041015625, 465.7942), current_bottom_center: (1396.559326171875, 432.82745), previous_side: -73.99, current_side: 29.25, side_transition: True, crossing_result: True, direction: A_TO_B
2026-08-29 09:40:46 [DEBUG] uvh_test.main: frame=31300 COUNTED track_id=1485 class=LCV
2026-08-29 09:40:50 [DEBUG] uvh_test.counter: track_id: 1489, frame: 31427, previous_bottom_center: (1306.578369140625, 402.92807), current_bottom_center: (1331.93701171875, 397.33252), previous_side: -9.94, current_side: 11.39, side_transition: True, crossing_result: True, direction: A_TO_B
2026-08-29 09:40:50 [INFO] uvh_test.counter: SAFETY NET REJECTION: Rejecting tid=1489 as duplicate of class LCV, prev_tid=1485, dist=73.7px, thresh=150.0px, bbox_size=195.7x136.8
2026-08-29 09:40:53 [DEBUG] uvh_test.counter: track_id: 1493, frame: 31534, previous_bottom_center: (1608.250732421875, 693.7531), current_bottom_center: (1641.52294921875, 666.48), previous_side: -18.39, current_side: 24.23, side_transition: True, crossing_result: True, direction: A_TO_B
2026-08-29 09:40:53 [DEBUG] uvh_test.main: frame=31534 COUNTED track_id=1493 class=Two-wheeler
2026-08-29 09:40:56 [DEBUG] uvh_test.counter: track_id: 1496, frame: 31631, previous_bottom_center: (1221.752197265625, 485.9681), current_bottom_center: (1373.9810791015625, 428.52478), previous_side: -128.50, current_side: 17.07, side_transition: True, crossing_result: True, direction: A_TO_B
2026-08-29 09:40:56 [DEBUG] uvh_test.main: frame=31631 COUNTED track_id=1496 class=LCV
2026-08-29 09:40:56 [DEBUG] uvh_test.counter: track_id: 1499, frame: 31632, previous_bottom_center: (1514.884521484375, 685.7017), current_bottom_center: (1572.4114990234375, 608.10754), previous_side: -75.91, current_side: 20.11, side_transition: True, crossing_result: True, direction: A_TO_B
2026-08-29 09:40:56 [INFO] uvh_test.counter: TEMPORAL DEDUP: Rejecting tid=1499 as temporal fragment: Fragment of LCV that crossed 1 frames ago, spatial_dist=267.6px
2026-08-29 09:40:56 [DEBUG] uvh_test.counter: track_id: 1498, frame: 31632, previous_bottom_center: (1552.812255859375, 693.14624), current_bottom_center: (1604.807861328125, 663.7653), previous_side: -55.61, current_side: 1.28, side_transition: True, crossing_result: True, direction: A_TO_B
2026-08-29 09:40:56 [INFO] uvh_test.counter: TEMPORAL DEDUP: Rejecting tid=1498 as temporal fragment: Fragment of LCV that crossed 1 frames ago, spatial_dist=329.6px
2026-08-29 09:40:58 [DEBUG] uvh_test.counter: track_id: 1510, frame: 31709, previous_bottom_center: (1291.852783203125, 386.20367), current_bottom_center: (1309.539794921875, 383.01218), previous_side: -7.67, current_side: 6.68, side_transition: True, crossing_result: True, direction: A_TO_B
2026-08-29 09:40:58 [DEBUG] uvh_test.main: frame=31709 COUNTED track_id=1510 class=Two-wheeler
2026-08-29 09:41:04 [DEBUG] uvh_test.counter: track_id: 1516, frame: 31926, previous_bottom_center: (1399.531982421875, 488.6614), current_bottom_center: (1435.805908203125, 458.46033), previous_side: -9.70, current_side: 37.11, side_transition: True, crossing_result: True, direction: A_TO_B
2026-08-29 09:41:04 [DEBUG] uvh_test.main: frame=31926 COUNTED track_id=1516 class=SUV
2026-08-29 09:41:07 [DEBUG] uvh_test.counter: track_id: 1524, frame: 32052, previous_bottom_center: (1316.7501220703125, 433.28928), current_bottom_center: (1350.57568359375, 424.93228), previous_side: -25.31, current_side: 3.80, side_transition: True, crossing_result: True, direction: A_TO_B
2026-08-29 09:41:07 [DEBUG] uvh_test.main: frame=32052 COUNTED track_id=1524 class=Two-wheeler
2026-08-29 09:41:07 [DEBUG] uvh_test.counter: track_id: 1528, frame: 32067, previous_bottom_center: (1595.8173828125, 690.6274), current_bottom_center: (1657.297607421875, 613.9213), previous_side: -24.54, current_side: 73.51, side_transition: True, crossing_result: True, direction: A_TO_B
2026-08-29 09:41:07 [DEBUG] uvh_test.main: frame=32067 COUNTED track_id=1528 class=SUV
2026-08-29 09:41:07 [INFO] uvh_test.counter: SAFETY NET MERGE: Merging current tid=1526 into lost_tid=1526, dist=88.9px
2026-08-29 09:41:07 [DEBUG] uvh_test.main: frame=32072 COUNTED track_id=1526 class=tempo-traveller
2026-08-29 09:41:13 [DEBUG] uvh_test.counter: track_id: 1534, frame: 32289, previous_bottom_center: (1359.5372314453125, 441.613), current_bottom_center: (1405.5811767578125, 430.0504), previous_side: -2.35, current_side: 37.42, side_transition: True, crossing_result: True, direction: A_TO_B
2026-08-29 09:41:13 [DEBUG] uvh_test.main: frame=32289 COUNTED track_id=1534 class=Two-wheeler
2026-08-29 09:41:16 [DEBUG] uvh_test.counter: track_id: 1542, frame: 32421, previous_bottom_center: (1319.85693359375, 467.4734), current_bottom_center: (1358.04345703125, 431.50134), previous_side: -48.28, current_side: 4.06, side_transition: True, crossing_result: True, direction: A_TO_B
2026-08-29 09:41:16 [DEBUG] uvh_test.main: frame=32421 COUNTED track_id=1542 class=SUV
2026-08-29 09:41:19 [DEBUG] uvh_test.counter: track_id: 1552, frame: 32518, previous_bottom_center: (1567.304931640625, 691.5868), current_bottom_center: (1606.84423828125, 658.51294), previous_side: -44.62, current_side: 6.51, side_transition: True, crossing_result: True, direction: A_TO_B
2026-08-29 09:41:19 [DEBUG] uvh_test.main: frame=32518 COUNTED track_id=1552 class=Truck
2026-08-29 09:41:19 [DEBUG] uvh_test.counter: track_id: 1562, frame: 32520, previous_bottom_center: (1636.726318359375, 708.9337), current_bottom_center: (1655.845703125, 697.0755), previous_side: -10.18, current_side: 11.51, side_transition: True, crossing_result: True, direction: A_TO_B
2026-08-29 09:41:19 [INFO] uvh_test.counter: SAFETY NET REJECTION: Rejecting tid=1562 as duplicate of class Truck, prev_tid=1552, dist=62.4px, thresh=300.0px, bbox_size=458.8x384.3
2026-08-29 09:41:19 [DEBUG] uvh_test.counter: track_id: 1557, frame: 32522, previous_bottom_center: (1608.0543212890625, 678.39044), current_bottom_center: (1644.136962890625, 686.4048), previous_side: -7.25, current_side: 11.38, side_transition: True, crossing_result: True, direction: A_TO_B
2026-08-29 09:41:19 [INFO] uvh_test.counter: SAFETY NET REJECTION: Rejecting tid=1557 as duplicate of class Truck, prev_tid=1552, dist=46.6px, thresh=300.0px, bbox_size=458.9x384.3
2026-08-29 09:41:19 [DEBUG] uvh_test.counter: track_id: 1565, frame: 32522, previous_bottom_center: (1557.1488037109375, 657.494), current_bottom_center: (1594.13037109375, 649.9975), previous_side: -26.50, current_side: 4.12, side_transition: True, crossing_result: True, direction: A_TO_B
2026-08-29 09:41:19 [INFO] uvh_test.counter: SAFETY NET REJECTION: Rejecting tid=1565 as duplicate of class Truck, prev_tid=1552, dist=15.3px, thresh=300.0px, bbox_size=459.0x384.4
2026-08-29 09:41:20 [DEBUG] uvh_test.counter: track_id: 1564, frame: 32557, previous_bottom_center: (1288.4854736328125, 384.8977), current_bottom_center: (1307.1744384765625, 380.89075), previous_side: -9.00, current_side: 6.63, side_transition: True, crossing_result: True, direction: A_TO_B
2026-08-29 09:41:20 [DEBUG] uvh_test.main: frame=32557 COUNTED track_id=1564 class=Two-wheeler
2026-08-29 09:41:22 [DEBUG] uvh_test.counter: track_id: 1575, frame: 32622, previous_bottom_center: (1609.4683837890625, 692.94037), current_bottom_center: (1654.408935546875, 651.34796), previous_side: -16.97, current_side: 44.09, side_transition: True, crossing_result: True, direction: A_TO_B
2026-08-29 09:41:22 [DEBUG] uvh_test.main: frame=32622 COUNTED track_id=1575 class=tempo-traveller
2026-08-29 09:41:22 [DEBUG] uvh_test.counter: track_id: 1558, frame: 32623, previous_bottom_center: (1557.321533203125, 674.3316), current_bottom_center: (1631.680908203125, 650.6114), previous_side: -38.74, current_side: 29.18, side_transition: True, crossing_result: True, direction: A_TO_B
2026-08-29 09:41:22 [INFO] uvh_test.counter: SAFETY NET REJECTION: Rejecting tid=1558 as duplicate of class tempo-traveller, prev_tid=1575, dist=22.7px, thresh=300.0px, bbox_size=459.0x384.3
2026-08-29 09:41:30 [DEBUG] uvh_test.counter: track_id: 1582, frame: 32979, previous_bottom_center: (1304.349853515625, 392.1336), current_bottom_center: (1328.2374267578125, 387.19693), previous_side: -3.53, current_side: 16.32, side_transition: True, crossing_result: True, direction: A_TO_B
2026-08-29 09:41:30 [DEBUG] uvh_test.main: frame=32979 COUNTED track_id=1582 class=Two-wheeler
2026-08-29 09:41:31 [DEBUG] uvh_test.counter: track_id: 1584, frame: 33030, previous_bottom_center: (1333.0594482421875, 451.38342), current_bottom_center: (1373.085205078125, 439.70868), previous_side: -27.51, current_side: 8.25, side_transition: True, crossing_result: True, direction: A_TO_B
2026-08-29 09:41:31 [INFO] uvh_test.counter: SAFETY NET REJECTION: Rejecting tid=1584 as duplicate of class Two-wheeler, prev_tid=1582, dist=69.1px, thresh=150.0px, bbox_size=146.5x147.6
2026-08-29 09:41:33 [DEBUG] uvh_test.counter: track_id: 1587, frame: 33083, previous_bottom_center: (1345.7850341796875, 455.42026), current_bottom_center: (1385.6103515625, 443.89017), previous_side: -21.82, current_side: 13.69, side_transition: True, crossing_result: True, direction: A_TO_B
2026-08-29 09:41:33 [INFO] uvh_test.counter: SAFETY NET REJECTION: Rejecting tid=1587 as duplicate of class Two-wheeler, prev_tid=1582, dist=80.7px, thresh=150.0px, bbox_size=149.1x153.0
2026-08-29 09:41:33 [DEBUG] uvh_test.counter: track_id: 1589, frame: 33085, previous_bottom_center: (1284.8602294921875, 397.9419), current_bottom_center: (1313.2281494140625, 392.25385), previous_side: -21.04, current_side: 2.41, side_transition: True, crossing_result: True, direction: A_TO_B
2026-08-29 09:41:33 [INFO] uvh_test.counter: SAFETY NET REJECTION: Rejecting tid=1589 as duplicate of class Two-wheeler, prev_tid=1582, dist=15.8px, thresh=150.0px, bbox_size=104.3x111.2
2026-08-29 09:41:35 [DEBUG] uvh_test.counter: track_id: 1585, frame: 33182, previous_bottom_center: (1279.59033203125, 385.65317), current_bottom_center: (1300.760498046875, 381.69147), previous_side: -15.60, current_side: 1.69, side_transition: True, crossing_result: True, direction: A_TO_B
2026-08-29 09:41:35 [DEBUG] uvh_test.main: frame=33182 COUNTED track_id=1585 class=Two-wheeler
2026-08-29 09:41:37 [DEBUG] uvh_test.counter: track_id: 1592, frame: 33234, previous_bottom_center: (1317.500732421875, 443.35535), current_bottom_center: (1356.31591796875, 432.76114), previous_side: -32.19, current_side: 1.96, side_transition: True, crossing_result: True, direction: A_TO_B
2026-08-29 09:41:37 [INFO] uvh_test.counter: SAFETY NET REJECTION: Rejecting tid=1592 as duplicate of class Two-wheeler, prev_tid=1585, dist=75.5px, thresh=150.0px, bbox_size=146.1x143.4
2026-08-29 09:41:42 [DEBUG] uvh_test.counter: track_id: 1598, frame: 33455, previous_bottom_center: (1368.8988037109375, 451.3919), current_bottom_center: (1405.7371826171875, 451.6481), previous_side: -3.16, current_side: 21.68, side_transition: True, crossing_result: True, direction: A_TO_B
2026-08-29 09:41:42 [DEBUG] uvh_test.main: frame=33455 COUNTED track_id=1598 class=Bus
2026-08-29 09:41:42 [DEBUG] uvh_test.counter: track_id: 1596, frame: 33459, previous_bottom_center: (1466.3837890625, 550.9034), current_bottom_center: (1501.956787109375, 550.9875), previous_side: -9.95, current_side: 14.15, side_transition: True, crossing_result: True, direction: A_TO_B
2026-08-29 09:41:42 [INFO] uvh_test.counter: SAFETY NET REJECTION: Rejecting tid=1596 as duplicate of class Bus, prev_tid=1598, dist=138.3px, thresh=340.2px, bbox_size=453.6x384.3
2026-08-29 09:41:42 [DEBUG] uvh_test.counter: track_id: 1597, frame: 33461, previous_bottom_center: (1420.49951171875, 501.79544), current_bottom_center: (1454.0615234375, 502.04312), previous_side: -5.09, current_side: 17.53, side_transition: True, crossing_result: True, direction: A_TO_B
2026-08-29 09:41:42 [INFO] uvh_test.counter: SAFETY NET REJECTION: Rejecting tid=1597 as duplicate of class Bus, prev_tid=1598, dist=69.8px, thresh=335.3px, bbox_size=447.0x384.4
2026-08-29 09:41:43 [DEBUG] uvh_test.counter: track_id: 1605, frame: 33481, previous_bottom_center: (1388.7216796875, 477.43002), current_bottom_center: (1424.7735595703125, 466.4006), previous_side: -8.80, current_side: 23.78, side_transition: True, crossing_result: True, direction: A_TO_B
2026-08-29 09:41:43 [DEBUG] uvh_test.main: frame=33481 COUNTED track_id=1605 class=Two-wheeler
2026-08-29 09:41:45 [DEBUG] uvh_test.counter: track_id: 1608, frame: 33570, previous_bottom_center: (1319.31982421875, 405.30548), current_bottom_center: (1349.58056640625, 398.58746), previous_side: -3.03, current_side: 22.46, side_transition: True, crossing_result: True, direction: A_TO_B
2026-08-29 09:41:45 [INFO] uvh_test.counter: SAFETY NET REJECTION: Rejecting tid=1608 as duplicate of class Two-wheeler, prev_tid=1605, dist=101.3px, thresh=150.0px, bbox_size=135.5x115.1
2026-08-29 09:41:48 [DEBUG] uvh_test.counter: track_id: 1612, frame: 33693, previous_bottom_center: (1317.20703125, 430.78195), current_bottom_center: (1351.639892578125, 422.47827), previous_side: -23.16, current_side: 6.33, side_transition: True, crossing_result: True, direction: A_TO_B
2026-08-29 09:41:48 [DEBUG] uvh_test.main: frame=33693 COUNTED track_id=1612 class=Two-wheeler
2026-08-29 09:41:49 [DEBUG] uvh_test.counter: track_id: 1614, frame: 33726, previous_bottom_center: (1388.2730712890625, 478.54663), current_bottom_center: (1431.701904296875, 465.78705), previous_side: -9.93, current_side: 28.94, side_transition: True, crossing_result: True, direction: A_TO_B
2026-08-29 09:41:49 [INFO] uvh_test.counter: SAFETY NET REJECTION: Rejecting tid=1614 as duplicate of class Two-wheeler, prev_tid=1612, dist=91.0px, thresh=150.0px, bbox_size=162.4x154.3
2026-08-29 09:41:51 [DEBUG] uvh_test.counter: track_id: 1621, frame: 33809, previous_bottom_center: (1330.9207763671875, 470.63327), current_bottom_center: (1385.57373046875, 454.73184), previous_side: -43.08, current_side: 5.71, side_transition: True, crossing_result: True, direction: A_TO_B
2026-08-29 09:41:51 [INFO] uvh_test.counter: SAFETY NET REJECTION: Rejecting tid=1621 as duplicate of class Two-wheeler, prev_tid=1612, dist=46.8px, thresh=150.0px, bbox_size=210.8x159.0
2026-08-29 09:41:53 [DEBUG] uvh_test.counter: track_id: 1617, frame: 33887, previous_bottom_center: (1297.541015625, 414.6076), current_bottom_center: (1331.302001953125, 407.0605), previous_side: -24.65, current_side: 3.82, side_transition: True, crossing_result: True, direction: A_TO_B
2026-08-29 09:41:53 [DEBUG] uvh_test.main: frame=33887 COUNTED track_id=1617 class=Two-wheeler
2026-08-29 09:41:59 [DEBUG] uvh_test.counter: track_id: 1630, frame: 34156, previous_bottom_center: (1339.532470703125, 435.5928), current_bottom_center: (1381.8765869140625, 424.11517), previous_side: -11.52, current_side: 25.67, side_transition: True, crossing_result: True, direction: A_TO_B
2026-08-29 09:41:59 [DEBUG] uvh_test.main: frame=34156 COUNTED track_id=1630 class=Two-wheeler
[h264 @ 0x5624b4a0ed40] Frame num change from 15 to 17
[h264 @ 0x5624b4a0ed40] decode_slice_header error
[h264 @ 0x5624b3bf7c00] Frame num change from 2 to 3
[h264 @ 0x5624b3bf7c00] decode_slice_header error
2026-08-29 09:42:03 [DEBUG] uvh_test.counter: track_id: 1634, frame: 34285, previous_bottom_center: (1373.0443115234375, 501.54657), current_bottom_center: (1436.711181640625, 500.11096), previous_side: -37.15, current_side: 7.16, side_transition: True, crossing_result: True, direction: A_TO_B
2026-08-29 09:42:03 [DEBUG] uvh_test.main: frame=34285 COUNTED track_id=1634 class=Bus
2026-08-29 09:42:05 [DEBUG] uvh_test.counter: track_id: 1639, frame: 34344, previous_bottom_center: (1349.475341796875, 439.1413), current_bottom_center: (1387.177734375, 429.4384), previous_side: -7.37, current_side: 25.36, side_transition: True, crossing_result: True, direction: A_TO_B
2026-08-29 09:42:05 [DEBUG] uvh_test.main: frame=34344 COUNTED track_id=1639 class=Two-wheeler
2026-08-29 09:42:07 [DEBUG] uvh_test.counter: track_id: 1628, frame: 34413, previous_bottom_center: (1279.846435546875, 366.73386), current_bottom_center: (1282.2166748046875, 366.40314), previous_side: -1.54, current_side: 0.31, side_transition: True, crossing_result: True, direction: A_TO_B
2026-08-29 09:42:07 [INFO] uvh_test.counter: SAFETY NET REJECTION: Rejecting tid=1628 as duplicate of class Two-wheeler, prev_tid=1639, dist=122.4px, thresh=150.0px, bbox_size=97.1x100.7
2026-08-29 09:42:07 [DEBUG] uvh_test.counter: track_id: 1641, frame: 34427, previous_bottom_center: (1314.9837646484375, 408.47003), current_bottom_center: (1333.9486083984375, 404.61523), previous_side: -8.30, current_side: 7.42, side_transition: True, crossing_result: True, direction: A_TO_B
2026-08-29 09:42:07 [INFO] uvh_test.counter: SAFETY NET REJECTION: Rejecting tid=1641 as duplicate of class Two-wheeler, prev_tid=1639, dist=58.7px, thresh=150.0px, bbox_size=148.3x139.1
2026-08-29 09:42:10 [DEBUG] uvh_test.counter: track_id: 1649, frame: 34526, previous_bottom_center: (1379.9700927734375, 490.5329), current_bottom_center: (1430.628662109375, 474.71448), previous_side: -24.36, current_side: 21.66, side_transition: True, crossing_result: True, direction: A_TO_B
2026-08-29 09:42:10 [DEBUG] uvh_test.main: frame=34526 COUNTED track_id=1649 class=Two-wheeler
2026-08-29 09:42:13 [DEBUG] uvh_test.counter: track_id: 1651, frame: 34639, previous_bottom_center: (1312.4345703125, 409.79514), current_bottom_center: (1337.53173828125, 404.9795), previous_side: -11.00, current_side: 9.58, side_transition: True, crossing_result: True, direction: A_TO_B
2026-08-29 09:42:13 [INFO] uvh_test.counter: SAFETY NET REJECTION: Rejecting tid=1651 as duplicate of class Two-wheeler, prev_tid=1649, dist=116.3px, thresh=150.0px, bbox_size=139.7x119.5
2026-08-29 09:42:13 [DEBUG] uvh_test.counter: track_id: 1655, frame: 34652, previous_bottom_center: (1391.50927734375, 477.41266), current_bottom_center: (1435.61669921875, 464.24374), previous_side: -6.90, current_side: 32.73, side_transition: True, crossing_result: True, direction: A_TO_B
2026-08-29 09:42:13 [INFO] uvh_test.counter: SAFETY NET REJECTION: Rejecting tid=1655 as duplicate of class Two-wheeler, prev_tid=1649, dist=11.6px, thresh=150.0px, bbox_size=135.4x151.3
2026-08-29 09:42:14 [DEBUG] uvh_test.counter: track_id: 1656, frame: 34673, previous_bottom_center: (1305.765380859375, 412.81952), current_bottom_center: (1330.79638671875, 407.61188), previous_side: -17.75, current_side: 3.07, side_transition: True, crossing_result: True, direction: A_TO_B
2026-08-29 09:42:14 [INFO] uvh_test.counter: SAFETY NET REJECTION: Rejecting tid=1656 as duplicate of class Two-wheeler, prev_tid=1649, dist=120.3px, thresh=150.0px, bbox_size=141.6x126.4
2026-08-29 09:42:15 [DEBUG] uvh_test.counter: track_id: 1658, frame: 34712, previous_bottom_center: (1284.5667724609375, 387.0503), current_bottom_center: (1305.134521484375, 383.31348), previous_side: -13.25, current_side: 3.47, side_transition: True, crossing_result: True, direction: A_TO_B
2026-08-29 09:42:15 [DEBUG] uvh_test.main: frame=34712 COUNTED track_id=1658 class=Two-wheeler
2026-08-29 09:42:16 [DEBUG] uvh_test.counter: track_id: 1662, frame: 34764, previous_bottom_center: (1394.0816650390625, 472.68854), current_bottom_center: (1430.726318359375, 461.81723), previous_side: -1.68, current_side: 31.19, side_transition: True, crossing_result: True, direction: A_TO_B
2026-08-29 09:42:16 [INFO] uvh_test.counter: SAFETY NET REJECTION: Rejecting tid=1662 as duplicate of class Two-wheeler, prev_tid=1658, dist=148.1px, thresh=150.0px, bbox_size=147.2x139.7
2026-08-29 09:42:16 [DEBUG] uvh_test.counter: track_id: 1661, frame: 34769, previous_bottom_center: (1278.960693359375, 380.61234), current_bottom_center: (1300.668701171875, 376.82797), previous_side: -12.33, current_side: 5.20, side_transition: True, crossing_result: True, direction: A_TO_B
2026-08-29 09:42:16 [INFO] uvh_test.counter: SAFETY NET REJECTION: Rejecting tid=1661 as duplicate of class Two-wheeler, prev_tid=1658, dist=7.9px, thresh=150.0px, bbox_size=118.4x107.6
2026-08-29 09:42:19 [DEBUG] uvh_test.counter: track_id: 1667, frame: 34870, previous_bottom_center: (1315.1920166015625, 406.57944), current_bottom_center: (1342.4580078125, 400.40402), previous_side: -6.77, current_side: 16.29, side_transition: True, crossing_result: True, direction: A_TO_B
2026-08-29 09:42:19 [DEBUG] uvh_test.main: frame=34870 COUNTED track_id=1667 class=Two-wheeler
2026-08-29 09:42:20 [DEBUG] uvh_test.counter: track_id: 1669, frame: 34882, previous_bottom_center: (1292.337158203125, 377.43732), current_bottom_center: (1312.5458984375, 373.06042), previous_side: -0.91, current_side: 16.03, side_transition: True, crossing_result: True, direction: A_TO_B
2026-08-29 09:42:20 [INFO] uvh_test.counter: SAFETY NET REJECTION: Rejecting tid=1669 as duplicate of class Two-wheeler, prev_tid=1667, dist=40.5px, thresh=150.0px, bbox_size=126.5x106.6
2026-08-29 09:42:22 [DEBUG] uvh_test.counter: track_id: 1676, frame: 34975, previous_bottom_center: (1285.239501953125, 383.72693), current_bottom_center: (1302.667236328125, 380.73145), previous_side: -10.35, current_side: 3.69, side_transition: True, crossing_result: True, direction: A_TO_B
2026-08-29 09:42:22 [INFO] uvh_test.counter: SAFETY NET REJECTION: Rejecting tid=1676 as duplicate of class Two-wheeler, prev_tid=1667, dist=44.4px, thresh=150.0px, bbox_size=118.2x101.4
2026-08-29 09:42:25 [DEBUG] uvh_test.counter: track_id: 1682, frame: 35080, previous_bottom_center: (1290.2772216796875, 380.14618), current_bottom_center: (1306.4281005859375, 376.80154), previous_side: -4.30, current_side: 9.13, side_transition: True, crossing_result: True, direction: A_TO_B
2026-08-29 09:42:25 [DEBUG] uvh_test.main: frame=35080 COUNTED track_id=1682 class=Two-wheeler
2026-08-29 09:42:26 [DEBUG] uvh_test.counter: track_id: 1684, frame: 35130, previous_bottom_center: (1313.9736328125, 422.76666), current_bottom_center: (1350.87939453125, 414.20444), previous_side: -19.47, current_side: 11.88, side_transition: True, crossing_result: True, direction: A_TO_B
2026-08-29 09:42:26 [INFO] uvh_test.counter: SAFETY NET REJECTION: Rejecting tid=1684 as duplicate of class Two-wheeler, prev_tid=1682, dist=58.1px, thresh=150.0px, bbox_size=121.9x126.9
2026-08-29 09:42:33 [DEBUG] uvh_test.counter: track_id: 1685, frame: 35393, previous_bottom_center: (1330.6407470703125, 438.16934), current_bottom_center: (1374.433349609375, 427.11667), previous_side: -19.45, current_side: 18.41, side_transition: True, crossing_result: True, direction: A_TO_B
2026-08-29 09:42:33 [DEBUG] uvh_test.main: frame=35393 COUNTED track_id=1685 class=Two-wheeler
2026-08-29 09:42:34 [DEBUG] uvh_test.counter: track_id: 1687, frame: 35452, previous_bottom_center: (1313.5650634765625, 403.93863), current_bottom_center: (1348.0887451171875, 396.44138), previous_side: -5.94, current_side: 23.02, side_transition: True, crossing_result: True, direction: A_TO_B
2026-08-29 09:42:34 [INFO] uvh_test.counter: SAFETY NET REJECTION: Rejecting tid=1687 as duplicate of class Two-wheeler, prev_tid=1685, dist=40.4px, thresh=150.0px, bbox_size=122.9x116.7
2026-08-29 09:42:37 [DEBUG] uvh_test.counter: track_id: 1688, frame: 35553, previous_bottom_center: (1299.893798828125, 405.76163), current_bottom_center: (1332.6064453125, 398.14478), previous_side: -16.56, current_side: 11.25, side_transition: True, crossing_result: True, direction: A_TO_B
2026-08-29 09:42:37 [DEBUG] uvh_test.main: frame=35553 COUNTED track_id=1688 class=Two-wheeler
2026-08-29 09:42:39 [DEBUG] uvh_test.counter: track_id: 1690, frame: 35629, previous_bottom_center: (1301.102783203125, 395.48874), current_bottom_center: (1327.214599609375, 389.9227), previous_side: -8.20, current_side: 13.62, side_transition: True, crossing_result: True, direction: A_TO_B
2026-08-29 09:42:39 [INFO] uvh_test.counter: SAFETY NET REJECTION: Rejecting tid=1690 as duplicate of class Two-wheeler, prev_tid=1688, dist=9.8px, thresh=150.0px, bbox_size=135.0x110.1
2026-08-29 09:42:41 [DEBUG] uvh_test.counter: track_id: 1693, frame: 35712, previous_bottom_center: (1633.27685546875, 743.6929), current_bottom_center: (1630.035400390625, 629.1436), previous_side: -38.03, current_side: 43.82, side_transition: True, crossing_result: True, direction: A_TO_B
2026-08-29 09:42:41 [DEBUG] uvh_test.main: frame=35712 COUNTED track_id=1693 class=SUV
2026-08-29 09:42:41 [DEBUG] uvh_test.counter: track_id: 1691, frame: 35717, previous_bottom_center: (1291.7120361328125, 379.50574), current_bottom_center: (1307.0689697265625, 376.67303), previous_side: -2.85, current_side: 9.66, side_transition: True, crossing_result: True, direction: A_TO_B
2026-08-29 09:42:41 [DEBUG] uvh_test.main: frame=35717 COUNTED track_id=1691 class=Two-wheeler
2026-08-29 09:42:43 [DEBUG] uvh_test.counter: track_id: 1696, frame: 35774, previous_bottom_center: (1326.225830078125, 411.99255), current_bottom_center: (1350.756591796875, 406.45758), previous_side: -3.24, current_side: 17.48, side_transition: True, crossing_result: True, direction: A_TO_B
2026-08-29 09:42:43 [DEBUG] uvh_test.main: frame=35774 COUNTED track_id=1696 class=LCV
2026-08-29 09:42:47 [INFO] uvh_test.counter: SAFETY NET MERGE: Merging current tid=1705 into lost_tid=1705, dist=66.7px
2026-08-29 09:42:47 [DEBUG] uvh_test.main: frame=35967 COUNTED track_id=1705 class=Bus
2026-08-29 09:42:52 [DEBUG] uvh_test.counter: track_id: 1708, frame: 36196, previous_bottom_center: (1282.8603515625, 386.04837), current_bottom_center: (1306.60546875, 381.31186), previous_side: -13.67, current_side: 5.94, side_transition: True, crossing_result: True, direction: A_TO_B
2026-08-29 09:42:52 [DEBUG] uvh_test.main: frame=36196 COUNTED track_id=1708 class=Two-wheeler
2026-08-29 09:42:57 [DEBUG] uvh_test.counter: track_id: 1709, frame: 36379, previous_bottom_center: (1323.344970703125, 413.0137), current_bottom_center: (1349.23974609375, 407.33966), previous_side: -5.95, current_side: 15.80, side_transition: True, crossing_result: True, direction: A_TO_B
2026-08-29 09:42:57 [DEBUG] uvh_test.main: frame=36379 COUNTED track_id=1709 class=Two-wheeler
2026-08-29 09:42:58 [DEBUG] uvh_test.counter: track_id: 1712, frame: 36411, previous_bottom_center: (1280.793212890625, 373.7925), current_bottom_center: (1299.964599609375, 370.22415), previous_side: -6.08, current_side: 9.56, side_transition: True, crossing_result: True, direction: A_TO_B
2026-08-29 09:42:58 [INFO] uvh_test.counter: SAFETY NET REJECTION: Rejecting tid=1712 as duplicate of class Two-wheeler, prev_tid=1709, dist=61.7px, thresh=150.0px, bbox_size=132.8x98.1
2026-08-29 09:43:01 [DEBUG] uvh_test.counter: track_id: 1713, frame: 36553, previous_bottom_center: (1292.7725830078125, 406.9591), current_bottom_center: (1326.5869140625, 399.81445), previous_side: -22.28, current_side: 5.94, side_transition: True, crossing_result: True, direction: A_TO_B
2026-08-29 09:43:01 [DEBUG] uvh_test.main: frame=36553 COUNTED track_id=1713 class=Two-wheeler
2026-08-29 09:43:05 [DEBUG] uvh_test.counter: track_id: 1714, frame: 36684, previous_bottom_center: (1331.06396484375, 429.27457), current_bottom_center: (1365.88623046875, 420.70505), previous_side: -12.64, current_side: 17.31, side_transition: True, crossing_result: True, direction: A_TO_B
2026-08-29 09:43:05 [INFO] uvh_test.counter: SAFETY NET REJECTION: Rejecting tid=1714 as duplicate of class Two-wheeler, prev_tid=1713, dist=44.5px, thresh=150.0px, bbox_size=137.5x133.0
2026-08-29 09:43:08 [DEBUG] uvh_test.counter: track_id: 1716, frame: 36805, previous_bottom_center: (1298.459716796875, 400.93686), current_bottom_center: (1329.65380859375, 394.2652), previous_side: -14.00, current_side: 12.09, side_transition: True, crossing_result: True, direction: A_TO_B
2026-08-29 09:43:08 [DEBUG] uvh_test.main: frame=36805 COUNTED track_id=1716 class=Two-wheeler
2026-08-29 09:43:08 [DEBUG] uvh_test.counter: track_id: 1723, frame: 36807, previous_bottom_center: (1570.752197265625, 682.49054), current_bottom_center: (1610.53857421875, 650.7131), previous_side: -35.60, current_side: 14.75, side_transition: True, crossing_result: True, direction: A_TO_B
2026-08-29 09:43:08 [DEBUG] uvh_test.main: frame=36807 COUNTED track_id=1723 class=Two-wheeler
2026-08-29 09:43:10 [DEBUG] uvh_test.counter: track_id: 1725, frame: 36882, previous_bottom_center: (1290.140625, 385.8226), current_bottom_center: (1319.5267333984375, 380.2768), previous_side: -8.56, current_side: 15.48, side_transition: True, crossing_result: True, direction: A_TO_B
2026-08-29 09:43:10 [INFO] uvh_test.counter: SAFETY NET REJECTION: Rejecting tid=1725 as duplicate of class Two-wheeler, prev_tid=1716, dist=17.3px, thresh=150.0px, bbox_size=110.4x108.5
2026-08-29 09:43:10 [DEBUG] uvh_test.counter: track_id: 1726, frame: 36900, previous_bottom_center: (1317.812255859375, 429.43152), current_bottom_center: (1346.607666015625, 422.19348), previous_side: -21.76, current_side: 3.12, side_transition: True, crossing_result: True, direction: A_TO_B
2026-08-29 09:43:10 [INFO] uvh_test.counter: SAFETY NET REJECTION: Rejecting tid=1726 as duplicate of class Two-wheeler, prev_tid=1716, dist=32.7px, thresh=150.0px, bbox_size=146.2x129.9
2026-08-29 09:43:12 [DEBUG] uvh_test.counter: track_id: 1737, frame: 36962, previous_bottom_center: (1333.4560546875, 439.48883), current_bottom_center: (1357.419677734375, 432.60767), previous_side: -18.51, current_side: 2.82, side_transition: True, crossing_result: True, direction: A_TO_B
2026-08-29 09:43:12 [DEBUG] uvh_test.main: frame=36962 COUNTED track_id=1737 class=Three-wheeler
2026-08-29 09:43:19 [DEBUG] uvh_test.counter: track_id: 1742, frame: 37237, previous_bottom_center: (1346.526611328125, 432.06735), current_bottom_center: (1355.544921875, 430.33844), previous_side: -4.18, current_side: 3.21, side_transition: True, crossing_result: True, direction: A_TO_B
2026-08-29 09:43:19 [DEBUG] uvh_test.main: frame=37237 COUNTED track_id=1742 class=tempo-traveller
2026-08-29 09:43:26 [DEBUG] uvh_test.counter: track_id: 1748, frame: 37497, previous_bottom_center: (1296.0615234375, 402.7295), current_bottom_center: (1326.4345703125, 397.518), previous_side: -16.94, current_side: 7.52, side_transition: True, crossing_result: True, direction: A_TO_B
2026-08-29 09:43:26 [DEBUG] uvh_test.main: frame=37497 COUNTED track_id=1748 class=Two-wheeler
2026-08-29 09:43:32 [DEBUG] uvh_test.counter: track_id: 1750, frame: 37663, previous_bottom_center: (1347.686767578125, 430.54666), current_bottom_center: (1374.017822265625, 424.4682), previous_side: -2.28, current_side: 20.07, side_transition: True, crossing_result: True, direction: A_TO_B
2026-08-29 09:43:32 [DEBUG] uvh_test.main: frame=37663 COUNTED track_id=1750 class=Two-wheeler
2026-08-29 09:43:34 [DEBUG] uvh_test.counter: track_id: 1756, frame: 37742, previous_bottom_center: (1334.439697265625, 441.79434), current_bottom_center: (1363.748779296875, 433.9576), previous_side: -19.53, current_side: 6.13, side_transition: True, crossing_result: True, direction: A_TO_B
2026-08-29 09:43:34 [DEBUG] uvh_test.main: frame=37742 COUNTED track_id=1756 class=Three-wheeler
2026-08-29 09:43:36 [DEBUG] uvh_test.counter: track_id: 1766, frame: 37813, previous_bottom_center: (1332.41748046875, 425.73883), current_bottom_center: (1368.2574462890625, 417.3282), previous_side: -9.12, current_side: 21.40, side_transition: True, crossing_result: True, direction: A_TO_B
2026-08-29 09:43:36 [DEBUG] uvh_test.main: frame=37813 COUNTED track_id=1766 class=Two-wheeler
2026-08-29 09:43:39 [DEBUG] uvh_test.counter: track_id: 1768, frame: 37904, previous_bottom_center: (1362.0341796875, 458.40683), current_bottom_center: (1403.06982421875, 441.58432), previous_side: -12.97, current_side: 27.25, side_transition: True, crossing_result: True, direction: A_TO_B
2026-08-29 09:43:39 [INFO] uvh_test.counter: SAFETY NET REJECTION: Rejecting tid=1768 as duplicate of class Two-wheeler, prev_tid=1766, dist=42.4px, thresh=150.0px, bbox_size=175.0x135.7
2026-08-29 09:43:39 [DEBUG] uvh_test.counter: track_id: 1772, frame: 37906, previous_bottom_center: (1451.4052734375, 565.1774), current_bottom_center: (1512.063720703125, 540.60364), previous_side: -30.60, current_side: 28.64, side_transition: True, crossing_result: True, direction: A_TO_B
2026-08-29 09:43:39 [DEBUG] uvh_test.main: frame=37906 COUNTED track_id=1772 class=Two-wheeler
2026-08-29 09:43:41 [DEBUG] uvh_test.counter: track_id: 1773, frame: 37981, previous_bottom_center: (1311.622802734375, 408.86557), current_bottom_center: (1327.016357421875, 405.9001), previous_side: -10.87, current_side: 1.76, side_transition: True, crossing_result: True, direction: A_TO_B
2026-08-29 09:43:41 [DEBUG] uvh_test.main: frame=37981 COUNTED track_id=1773 class=Two-wheeler
2026-08-29 09:43:44 [DEBUG] uvh_test.counter: track_id: 1774, frame: 38076, previous_bottom_center: (1325.1668701171875, 442.3873), current_bottom_center: (1365.0380859375, 432.3215), previous_side: -26.27, current_side: 8.21, side_transition: True, crossing_result: True, direction: A_TO_B
2026-08-29 09:43:44 [INFO] uvh_test.counter: SAFETY NET REJECTION: Rejecting tid=1774 as duplicate of class Two-wheeler, prev_tid=1773, dist=46.3px, thresh=150.0px, bbox_size=129.3x140.5
2026-08-29 09:43:45 [DEBUG] uvh_test.counter: track_id: 1781, frame: 38097, previous_bottom_center: (1400.2908935546875, 543.8514), current_bottom_center: (1452.2442626953125, 520.3551), previous_side: -49.68, current_side: 2.86, side_transition: True, crossing_result: True, direction: A_TO_B
2026-08-29 09:43:45 [DEBUG] uvh_test.main: frame=38097 COUNTED track_id=1781 class=Two-wheeler
2026-08-29 09:43:45 [DEBUG] uvh_test.counter: track_id: 1783, frame: 38114, previous_bottom_center: (1322.101318359375, 433.146), current_bottom_center: (1350.77294921875, 425.0928), previous_side: -21.57, current_side: 3.82, side_transition: True, crossing_result: True, direction: A_TO_B
2026-08-29 09:43:45 [DEBUG] uvh_test.main: frame=38114 COUNTED track_id=1783 class=Truck
2026-08-29 09:43:47 [DEBUG] uvh_test.counter: track_id: 1787, frame: 38160, previous_bottom_center: (1317.3448486328125, 408.8407), current_bottom_center: (1344.74951171875, 403.8414), previous_side: -6.97, current_side: 15.32, side_transition: True, crossing_result: True, direction: A_TO_B
2026-08-29 09:43:47 [DEBUG] uvh_test.main: frame=38160 COUNTED track_id=1787 class=Two-wheeler
2026-08-29 09:43:48 [DEBUG] uvh_test.counter: track_id: 1794, frame: 38188, previous_bottom_center: (1583.7689208984375, 668.99713), current_bottom_center: (1607.104736328125, 645.69305), previous_side: -16.86, current_side: 16.10, side_transition: True, crossing_result: True, direction: A_TO_B
2026-08-29 09:43:48 [DEBUG] uvh_test.counter: track_id: 1796, frame: 38188, previous_bottom_center: (1536.8955078125, 621.0235), current_bottom_center: (1634.435791015625, 597.68), previous_side: -13.50, current_side: 69.90, side_transition: True, crossing_result: True, direction: A_TO_B
2026-08-29 09:43:48 [INFO] uvh_test.counter: SAFETY NET REJECTION: Rejecting tid=1796 as duplicate of class LCV, prev_tid=1794, dist=55.2px, thresh=150.0px, bbox_size=458.9x384.3
2026-08-29 09:43:48 [DEBUG] uvh_test.counter: track_id: 1797, frame: 38188, previous_bottom_center: (1509.1737060546875, 647.8098), current_bottom_center: (1546.536865234375, 610.49536), previous_side: -51.99, current_side: 0.78, side_transition: True, crossing_result: True, direction: A_TO_B
2026-08-29 09:43:48 [INFO] uvh_test.counter: SAFETY NET REJECTION: Rejecting tid=1797 as duplicate of class LCV, prev_tid=1794, dist=70.1px, thresh=150.0px, bbox_size=459.1x384.4
2026-08-29 09:43:48 [DEBUG] uvh_test.main: frame=38188 COUNTED track_id=1794 class=LCV
2026-08-29 09:43:48 [DEBUG] uvh_test.counter: track_id: 1795, frame: 38190, previous_bottom_center: (1626.6495361328125, 695.7127), current_bottom_center: (1650.3907470703125, 661.8585), previous_side: -7.33, current_side: 33.64, side_transition: True, crossing_result: True, direction: A_TO_B
2026-08-29 09:43:48 [INFO] uvh_test.counter: SAFETY NET REJECTION: Rejecting tid=1795 as duplicate of class LCV, prev_tid=1794, dist=46.2px, thresh=150.0px, bbox_size=459.0x384.3
2026-08-29 09:43:52 [DEBUG] uvh_test.counter: track_id: 1802, frame: 38351, previous_bottom_center: (1288.6558837890625, 381.8461), current_bottom_center: (1302.167236328125, 379.10837), previous_side: -6.65, current_side: 4.54, side_transition: True, crossing_result: True, direction: A_TO_B
2026-08-29 09:43:52 [DEBUG] uvh_test.main: frame=38351 COUNTED track_id=1802 class=Two-wheeler
2026-08-29 09:43:57 [DEBUG] uvh_test.counter: track_id: 1804, frame: 38554, previous_bottom_center: (1298.710693359375, 397.08377), current_bottom_center: (1319.53125, 392.1806), previous_side: -11.00, current_side: 6.74, side_transition: True, crossing_result: True, direction: A_TO_B
2026-08-29 09:43:57 [DEBUG] uvh_test.main: frame=38554 COUNTED track_id=1804 class=Two-wheeler
2026-08-29 09:43:58 [DEBUG] uvh_test.counter: track_id: 1813, frame: 38592, previous_bottom_center: (1459.6298828125, 547.08966), current_bottom_center: (1464.59326171875, 515.52606), previous_side: -11.74, current_side: 14.79, side_transition: True, crossing_result: True, direction: A_TO_B
2026-08-29 09:43:58 [DEBUG] uvh_test.main: frame=38592 COUNTED track_id=1813 class=Bus
2026-08-29 09:43:58 [DEBUG] uvh_test.counter: track_id: 1808, frame: 38601, previous_bottom_center: (1443.115966796875, 615.48676), current_bottom_center: (1695.720458984375, 551.68945), previous_side: -73.15, current_side: 145.28, side_transition: True, crossing_result: True, direction: A_TO_B
2026-08-29 09:43:58 [INFO] uvh_test.counter: SAFETY NET REJECTION: Rejecting tid=1808 as duplicate of class Bus, prev_tid=1813, dist=233.9px, thresh=336.4px, bbox_size=448.6x384.3
2026-08-29 09:44:01 [DEBUG] uvh_test.counter: track_id: 1818, frame: 38711, previous_bottom_center: (1298.154052734375, 401.35776), current_bottom_center: (1317.656005859375, 396.70093), previous_side: -14.51, current_side: 2.15, side_transition: True, crossing_result: True, direction: A_TO_B
2026-08-29 09:44:01 [DEBUG] uvh_test.main: frame=38711 COUNTED track_id=1818 class=Two-wheeler
2026-08-29 09:44:06 [DEBUG] uvh_test.counter: track_id: 1822, frame: 38896, previous_bottom_center: (1580.466064453125, 649.31555), current_bottom_center: (1621.766357421875, 618.1427), previous_side: -4.66, current_side: 46.27, side_transition: True, crossing_result: True, direction: A_TO_B
2026-08-29 09:44:06 [DEBUG] uvh_test.main: frame=38896 COUNTED track_id=1822 class=Two-wheeler
2026-08-29 09:44:08 [DEBUG] uvh_test.counter: track_id: 1824, frame: 38979, previous_bottom_center: (1514.43798828125, 609.7046), current_bottom_center: (1545.6280517578125, 558.7459), previous_side: -20.45, current_side: 38.13, side_transition: True, crossing_result: True, direction: A_TO_B
2026-08-29 09:44:08 [DEBUG] uvh_test.counter: track_id: 1828, frame: 38979, previous_bottom_center: (1564.0816650390625, 695.6651), current_bottom_center: (1605.1494140625, 660.8991), previous_side: -49.80, current_side: 3.61, side_transition: True, crossing_result: True, direction: A_TO_B
2026-08-29 09:44:08 [INFO] uvh_test.counter: SAFETY NET REJECTION: Rejecting tid=1828 as duplicate of class Sedan, prev_tid=1824, dist=118.2px, thresh=150.0px, bbox_size=458.9x384.3
2026-08-29 09:44:08 [DEBUG] uvh_test.main: frame=38979 COUNTED track_id=1824 class=Sedan
2026-08-29 09:44:10 [DEBUG] uvh_test.counter: track_id: 1830, frame: 39050, previous_bottom_center: (1356.29296875, 444.485), current_bottom_center: (1377.74755859375, 438.6386), previous_side: -6.66, current_side: 12.21, side_transition: True, crossing_result: True, direction: A_TO_B
2026-08-29 09:44:10 [DEBUG] uvh_test.main: frame=39050 COUNTED track_id=1830 class=Two-wheeler
2026-08-29 09:44:20 [DEBUG] uvh_test.counter: track_id: 1833, frame: 39440, previous_bottom_center: (1329.3760986328125, 457.29153), current_bottom_center: (1367.4893798828125, 445.09036), previous_side: -34.34, current_side: 0.50, side_transition: True, crossing_result: True, direction: A_TO_B
2026-08-29 09:44:20 [DEBUG] uvh_test.main: frame=39440 COUNTED track_id=1833 class=Two-wheeler
2026-08-29 09:44:20 [DEBUG] uvh_test.counter: track_id: 1837, frame: 39462, previous_bottom_center: (1297.013671875, 409.64844), current_bottom_center: (1328.944091796875, 404.24365), previous_side: -21.37, current_side: 4.29, side_transition: True, crossing_result: True, direction: A_TO_B
2026-08-29 09:44:20 [INFO] uvh_test.counter: SAFETY NET REJECTION: Rejecting tid=1837 as duplicate of class Two-wheeler, prev_tid=1833, dist=56.2px, thresh=150.0px, bbox_size=140.5x121.2
2026-08-29 09:44:24 [DEBUG] uvh_test.counter: track_id: 1843, frame: 39594, previous_bottom_center: (1342.998291015625, 452.53278), current_bottom_center: (1378.3525390625, 442.256), previous_side: -21.60, current_side: 9.96, side_transition: True, crossing_result: True, direction: A_TO_B
2026-08-29 09:44:24 [DEBUG] uvh_test.main: frame=39594 COUNTED track_id=1843 class=Two-wheeler
2026-08-29 09:44:25 [DEBUG] uvh_test.counter: track_id: 1848, frame: 39614, previous_bottom_center: (1324.511962890625, 409.54282), current_bottom_center: (1350.6195068359375, 403.98892), previous_side: -2.61, current_side: 19.20, side_transition: True, crossing_result: True, direction: A_TO_B
2026-08-29 09:44:25 [DEBUG] uvh_test.main: frame=39614 COUNTED track_id=1848 class=Truck
2026-08-29 09:44:34 [DEBUG] uvh_test.counter: track_id: 1854, frame: 40004, previous_bottom_center: (1369.197509765625, 450.68756), current_bottom_center: (1373.048583984375, 450.74908), previous_side: -2.44, current_side: 0.13, side_transition: True, crossing_result: True, direction: A_TO_B
2026-08-29 09:44:34 [DEBUG] uvh_test.main: frame=40004 COUNTED track_id=1854 class=Bus
2026-08-29 09:44:34 [INFO] uvh_test.counter: SAFETY NET MERGE: Merging current tid=1853 into lost_tid=1853, dist=42.3px
2026-08-29 09:44:34 [INFO] uvh_test.counter: SAFETY NET REJECTION (MERGE PATH): Rejecting tid=1853 as duplicate of class Bus, prev_tid=1854, dist=99.7px, thresh=341.7px
2026-08-29 09:44:34 [INFO] uvh_test.counter: SAFETY NET MERGE: Merging current tid=1863 into lost_tid=1863, dist=76.0px
2026-08-29 09:44:34 [INFO] uvh_test.counter: SAFETY NET REJECTION (MERGE PATH): Rejecting tid=1863 as duplicate of class Bus, prev_tid=1854, dist=90.3px, thresh=344.1px
2026-08-29 09:44:43 [DEBUG] uvh_test.counter: track_id: 1868, frame: 40391, previous_bottom_center: (1287.23291015625, 389.25507), current_bottom_center: (1308.201171875, 385.191), previous_side: -13.05, current_side: 4.18, side_transition: True, crossing_result: True, direction: A_TO_B
2026-08-29 09:44:43 [DEBUG] uvh_test.main: frame=40391 COUNTED track_id=1868 class=Three-wheeler
2026-08-29 09:44:43 [DEBUG] uvh_test.counter: track_id: 1875, frame: 40410, previous_bottom_center: (1547.5118408203125, 647.7479), current_bottom_center: (1591.9051513671875, 647.71844), previous_side: -25.90, current_side: 4.28, side_transition: True, crossing_result: True, direction: A_TO_B
2026-08-29 09:44:43 [DEBUG] uvh_test.main: frame=40410 COUNTED track_id=1875 class=LCV
2026-08-29 09:44:52 [DEBUG] uvh_test.counter: track_id: 1884, frame: 40787, previous_bottom_center: (1322.060546875, 435.06), current_bottom_center: (1359.4676513671875, 426.28714), previous_side: -23.00, current_side: 8.85, side_transition: True, crossing_result: True, direction: A_TO_B
2026-08-29 09:44:52 [DEBUG] uvh_test.main: frame=40787 COUNTED track_id=1884 class=Two-wheeler
2026-08-29 09:44:53 [DEBUG] uvh_test.counter: track_id: 1888, frame: 40804, previous_bottom_center: (1551.334228515625, 620.54), current_bottom_center: (1576.0224609375, 602.06934), previous_side: -3.34, current_side: 26.99, side_transition: True, crossing_result: True, direction: A_TO_B
2026-08-29 09:44:53 [DEBUG] uvh_test.main: frame=40804 COUNTED track_id=1888 class=Two-wheeler
2026-08-29 09:44:54 [DEBUG] uvh_test.counter: track_id: 1889, frame: 40849, previous_bottom_center: (1289.2083740234375, 381.912), current_bottom_center: (1309.9268798828125, 377.0839), previous_side: -6.32, current_side: 11.30, side_transition: True, crossing_result: True, direction: A_TO_B
2026-08-29 09:44:54 [INFO] uvh_test.counter: SAFETY NET REJECTION: Rejecting tid=1889 as duplicate of class Two-wheeler, prev_tid=1884, dist=69.8px, thresh=150.0px, bbox_size=125.4x106.2
2026-08-29 09:44:55 [DEBUG] uvh_test.counter: track_id: 1890, frame: 40870, previous_bottom_center: (1293.3499755859375, 407.91714), current_bottom_center: (1323.229248046875, 402.27042), previous_side: -22.59, current_side: 1.85, side_transition: True, crossing_result: True, direction: A_TO_B
2026-08-29 09:44:55 [INFO] uvh_test.counter: SAFETY NET REJECTION: Rejecting tid=1890 as duplicate of class Two-wheeler, prev_tid=1884, dist=43.5px, thresh=150.0px, bbox_size=141.6x121.6
2026-08-29 09:44:56 [DEBUG] uvh_test.counter: track_id: 1895, frame: 40934, previous_bottom_center: (1558.0780029296875, 694.32916), current_bottom_center: (1606.80908203125, 659.69617), previous_side: -52.90, current_side: 5.62, side_transition: True, crossing_result: True, direction: A_TO_B
2026-08-29 09:44:56 [INFO] uvh_test.counter: SAFETY NET REJECTION: Rejecting tid=1895 as duplicate of class Two-wheeler, prev_tid=1888, dist=65.3px, thresh=150.0px, bbox_size=229.3x247.1
2026-08-29 09:44:58 [DEBUG] uvh_test.counter: track_id: 1896, frame: 40996, previous_bottom_center: (1278.417236328125, 382.95715), current_bottom_center: (1298.955322265625, 379.2739), previous_side: -14.42, current_side: 2.24, side_transition: True, crossing_result: True, direction: A_TO_B
2026-08-29 09:44:58 [DEBUG] uvh_test.main: frame=40996 COUNTED track_id=1896 class=Two-wheeler
2026-08-29 09:45:01 [DEBUG] uvh_test.counter: track_id: 1897, frame: 41124, previous_bottom_center: (1365.0579833984375, 455.91904), current_bottom_center: (1408.1123046875, 444.16733), previous_side: -9.09, current_side: 28.78, side_transition: True, crossing_result: True, direction: A_TO_B
2026-08-29 09:45:01 [INFO] uvh_test.counter: SAFETY NET REJECTION: Rejecting tid=1897 as duplicate of class Two-wheeler, prev_tid=1896, dist=127.0px, thresh=150.0px, bbox_size=140.8x144.4
2026-08-29 09:45:04 [DEBUG] uvh_test.counter: track_id: 1899, frame: 41234, previous_bottom_center: (1327.45458984375, 438.2963), current_bottom_center: (1364.1719970703125, 428.65793), previous_side: -21.71, current_side: 10.31, side_transition: True, crossing_result: True, direction: A_TO_B
2026-08-29 09:45:04 [DEBUG] uvh_test.main: frame=41234 COUNTED track_id=1899 class=Two-wheeler
2026-08-29 09:45:08 [DEBUG] uvh_test.counter: track_id: 1909, frame: 41403, previous_bottom_center: (1608.80810546875, 724.12115), current_bottom_center: (1640.943359375, 692.8556), previous_side: -40.29, current_side: 4.48, side_transition: True, crossing_result: True, direction: A_TO_B
2026-08-29 09:45:08 [DEBUG] uvh_test.main: frame=41403 COUNTED track_id=1909 class=Two-wheeler
2026-08-29 09:45:08 [DEBUG] uvh_test.counter: track_id: 1901, frame: 41404, previous_bottom_center: (1328.448486328125, 453.95233), current_bottom_center: (1375.9140625, 441.46387), previous_side: -32.52, current_side: 8.89, side_transition: True, crossing_result: True, direction: A_TO_B
2026-08-29 09:45:08 [DEBUG] uvh_test.main: frame=41404 COUNTED track_id=1901 class=Two-wheeler
2026-08-29 09:45:08 [DEBUG] uvh_test.counter: track_id: 1908, frame: 41407, previous_bottom_center: (1434.939697265625, 524.1073), current_bottom_center: (1475.72900390625, 507.75595), previous_side: -11.65, current_side: 28.06, side_transition: True, crossing_result: True, direction: A_TO_B
2026-08-29 09:45:08 [INFO] uvh_test.counter: SAFETY NET REJECTION: Rejecting tid=1908 as duplicate of class Two-wheeler, prev_tid=1901, dist=119.8px, thresh=150.0px, bbox_size=230.4x208.5
2026-08-29 09:45:09 [DEBUG] uvh_test.counter: track_id: 1922, frame: 41440, previous_bottom_center: (1393.255859375, 480.37698), current_bottom_center: (1422.93994140625, 468.8726), previous_side: -7.88, current_side: 20.72, side_transition: True, crossing_result: True, direction: A_TO_B
2026-08-29 09:45:09 [INFO] uvh_test.counter: SAFETY NET REJECTION: Rejecting tid=1922 as duplicate of class Two-wheeler, prev_tid=1901, dist=54.4px, thresh=150.0px, bbox_size=173.7x160.1
2026-08-29 09:45:11 [DEBUG] uvh_test.counter: track_id: 1926, frame: 41482, previous_bottom_center: (1315.819580078125, 423.0417), current_bottom_center: (1342.519287109375, 401.98083), previous_side: -18.42, current_side: 15.17, side_transition: True, crossing_result: True, direction: A_TO_B
2026-08-29 09:45:11 [DEBUG] uvh_test.main: frame=41482 COUNTED track_id=1926 class=Truck
2026-08-29 09:45:11 [DEBUG] uvh_test.counter: track_id: 1914, frame: 41493, previous_bottom_center: (1405.3975830078125, 502.8341), current_bottom_center: (1444.193359375, 502.93692), previous_side: -16.11, current_side: 10.17, side_transition: True, crossing_result: True, direction: A_TO_B
2026-08-29 09:45:11 [INFO] uvh_test.counter: SAFETY NET REJECTION: Rejecting tid=1914 as duplicate of class Truck, prev_tid=1926, dist=143.3px, thresh=300.0px, bbox_size=458.8x384.3
2026-08-29 09:45:13 [DEBUG] uvh_test.counter: track_id: 1934, frame: 41529, previous_bottom_center: (1346.84228515625, 452.8008), current_bottom_center: (1375.990234375, 445.4137), previous_side: -19.18, current_side: 6.04, side_transition: True, crossing_result: True, direction: A_TO_B
2026-08-29 09:45:13 [DEBUG] uvh_test.main: frame=41529 COUNTED track_id=1934 class=Three-wheeler
2026-08-29 09:45:14 [DEBUG] uvh_test.counter: track_id: 1937, frame: 41566, previous_bottom_center: (1335.69677734375, 427.11224), current_bottom_center: (1362.189208984375, 420.5405), previous_side: -7.90, current_side: 14.92, side_transition: True, crossing_result: True, direction: A_TO_B
2026-08-29 09:45:14 [DEBUG] uvh_test.main: frame=41566 COUNTED track_id=1937 class=Two-wheeler
2026-08-29 09:45:16 [DEBUG] uvh_test.counter: track_id: 1942, frame: 41654, previous_bottom_center: (1316.259033203125, 424.5597), current_bottom_center: (1341.703125, 417.91006), previous_side: -19.24, current_side: 2.93, side_transition: True, crossing_result: True, direction: A_TO_B
2026-08-29 09:45:16 [DEBUG] uvh_test.main: frame=41654 COUNTED track_id=1942 class=SUV
2026-08-29 09:45:17 [DEBUG] uvh_test.counter: track_id: 1947, frame: 41685, previous_bottom_center: (1394.8076171875, 492.65604), current_bottom_center: (1442.2216796875, 477.64368), previous_side: -15.84, current_side: 27.39, side_transition: True, crossing_result: True, direction: A_TO_B
2026-08-29 09:45:17 [INFO] uvh_test.counter: SAFETY NET REJECTION: Rejecting tid=1947 as duplicate of class Two-wheeler, prev_tid=1937, dist=98.3px, thresh=150.0px, bbox_size=207.6x163.4
2026-08-29 09:45:18 [DEBUG] uvh_test.counter: track_id: 1952, frame: 41701, previous_bottom_center: (1375.98828125, 498.30365), current_bottom_center: (1419.201171875, 484.0562), previous_side: -32.77, current_side: 7.04, side_transition: True, crossing_result: True, direction: A_TO_B
2026-08-29 09:45:18 [INFO] uvh_test.counter: SAFETY NET REJECTION: Rejecting tid=1952 as duplicate of class Two-wheeler, prev_tid=1937, dist=85.3px, thresh=150.0px, bbox_size=219.1x163.4
2026-08-29 09:45:18 [DEBUG] uvh_test.counter: track_id: 1958, frame: 41715, previous_bottom_center: (1515.439697265625, 590.9527), current_bottom_center: (1580.2197265625, 560.36316), previous_side: -6.01, current_side: 60.44, side_transition: True, crossing_result: True, direction: A_TO_B
2026-08-29 09:45:18 [DEBUG] uvh_test.main: frame=41715 COUNTED track_id=1958 class=Two-wheeler
2026-08-29 09:45:18 [DEBUG] uvh_test.counter: track_id: 1950, frame: 41725, previous_bottom_center: (1270.32275390625, 376.22192), current_bottom_center: (1290.36865234375, 372.28403), previous_side: -14.98, current_side: 1.53, side_transition: True, crossing_result: True, direction: A_TO_B
2026-08-29 09:45:18 [DEBUG] uvh_test.main: frame=41725 COUNTED track_id=1950 class=Two-wheeler
2026-08-29 09:45:25 [DEBUG] uvh_test.counter: track_id: 1967, frame: 41972, previous_bottom_center: (1543.091552734375, 638.3243), current_bottom_center: (1539.123779296875, 577.41296), previous_side: -21.99, current_side: 20.01, side_transition: True, crossing_result: True, direction: A_TO_B
2026-08-29 09:45:25 [DEBUG] uvh_test.main: frame=41972 COUNTED track_id=1967 class=SUV
2026-08-29 09:45:30 [DEBUG] uvh_test.counter: track_id: 1971, frame: 42152, previous_bottom_center: (1338.5325927734375, 426.6481), current_bottom_center: (1374.3291015625, 416.965), previous_side: -5.64, current_side: 25.79, side_transition: True, crossing_result: True, direction: A_TO_B
2026-08-29 09:45:30 [DEBUG] uvh_test.main: frame=42152 COUNTED track_id=1971 class=Two-wheeler
2026-08-29 09:45:33 [DEBUG] uvh_test.counter: track_id: 1972, frame: 42265, previous_bottom_center: (1311.383544921875, 409.66626), current_bottom_center: (1342.8250732421875, 403.3692), previous_side: -11.62, current_side: 14.36, side_transition: True, crossing_result: True, direction: A_TO_B
2026-08-29 09:45:33 [INFO] uvh_test.counter: SAFETY NET REJECTION: Rejecting tid=1972 as duplicate of class Two-wheeler, prev_tid=1971, dist=34.3px, thresh=150.0px, bbox_size=119.3x122.8
2026-08-29 09:45:33 [DEBUG] uvh_test.counter: track_id: 1975, frame: 42283, previous_bottom_center: (1569.5848388671875, 684.4644), current_bottom_center: (1636.320556640625, 634.82526), previous_side: -37.84, current_side: 43.92, side_transition: True, crossing_result: True, direction: A_TO_B
2026-08-29 09:45:33 [DEBUG] uvh_test.main: frame=42283 COUNTED track_id=1975 class=Two-wheeler
2026-08-29 09:45:34 [DEBUG] uvh_test.counter: track_id: 1978, frame: 42299, previous_bottom_center: (1420.286376953125, 550.24646), current_bottom_center: (1463.46240234375, 534.31885), previous_side: -40.79, current_side: 0.23, side_transition: True, crossing_result: True, direction: A_TO_B
2026-08-29 09:45:34 [INFO] uvh_test.counter: SAFETY NET REJECTION: Rejecting tid=1978 as duplicate of class Two-wheeler, prev_tid=1971, dist=147.4px, thresh=150.0px, bbox_size=206.1x185.4
2026-08-29 09:45:34 [DEBUG] uvh_test.counter: track_id: 1981, frame: 42314, previous_bottom_center: (1331.23828125, 423.06793), current_bottom_center: (1362.3692626953125, 415.1305), previous_side: -7.97, current_side: 19.01, side_transition: True, crossing_result: True, direction: A_TO_B
2026-08-29 09:45:34 [DEBUG] uvh_test.main: frame=42314 COUNTED track_id=1981 class=Two-wheeler
2026-08-29 09:45:44 [DEBUG] uvh_test.counter: track_id: 1985, frame: 42672, previous_bottom_center: (1308.806396484375, 395.68744), current_bottom_center: (1334.744873046875, 390.8653), previous_side: -3.11, current_side: 18.05, side_transition: True, crossing_result: True, direction: A_TO_B
2026-08-29 09:45:44 [DEBUG] uvh_test.main: frame=42672 COUNTED track_id=1985 class=Two-wheeler
2026-08-29 09:45:47 [DEBUG] uvh_test.counter: track_id: 1987, frame: 42766, previous_bottom_center: (1517.238525390625, 591.3654), current_bottom_center: (1562.79833984375, 559.99634), previous_side: -5.09, current_side: 48.88, side_transition: True, crossing_result: True, direction: A_TO_B
2026-08-29 09:45:47 [DEBUG] uvh_test.counter: track_id: 1991, frame: 42766, previous_bottom_center: (1406.7071533203125, 599.77985), current_bottom_center: (1469.1956787109375, 512.1745), previous_side: -86.36, current_side: 20.38, side_transition: True, crossing_result: True, direction: A_TO_B
2026-08-29 09:45:47 [INFO] uvh_test.counter: SAFETY NET REJECTION: Rejecting tid=1991 as duplicate of class LCV, prev_tid=1987, dist=105.1px, thresh=150.0px, bbox_size=344.6x284.0
2026-08-29 09:45:47 [DEBUG] uvh_test.main: frame=42766 COUNTED track_id=1987 class=LCV
2026-08-29 09:45:47 [DEBUG] uvh_test.counter: track_id: 1990, frame: 42767, previous_bottom_center: (1471.6353759765625, 546.2443), current_bottom_center: (1542.792236328125, 546.3307), previous_side: -2.97, current_side: 45.31, side_transition: True, crossing_result: True, direction: A_TO_B
2026-08-29 09:45:47 [INFO] uvh_test.counter: SAFETY NET REJECTION: Rejecting tid=1990 as duplicate of class LCV, prev_tid=1987, dist=24.2px, thresh=150.0px, bbox_size=459.0x384.3
2026-08-29 09:45:50 [DEBUG] uvh_test.counter: track_id: 1999, frame: 42869, previous_bottom_center: (1381.1820068359375, 467.05728), current_bottom_center: (1402.8402099609375, 458.31647), previous_side: -6.31, current_side: 14.81, side_transition: True, crossing_result: True, direction: A_TO_B
2026-08-29 09:45:50 [DEBUG] uvh_test.main: frame=42869 COUNTED track_id=1999 class=Sedan
2026-08-29 09:45:52 [DEBUG] uvh_test.counter: track_id: 2001, frame: 42949, previous_bottom_center: (1349.969970703125, 430.79544), current_bottom_center: (1375.340576171875, 423.75488), previous_side: -0.91, current_side: 21.49, side_transition: True, crossing_result: True, direction: A_TO_B
2026-08-29 09:45:52 [DEBUG] uvh_test.main: frame=42949 COUNTED track_id=2001 class=Two-wheeler
2026-08-29 09:45:53 [DEBUG] uvh_test.counter: track_id: 2003, frame: 42972, previous_bottom_center: (1312.347900390625, 403.6294), current_bottom_center: (1332.86328125, 399.32568), previous_side: -6.54, current_side: 10.56, side_transition: True, crossing_result: True, direction: A_TO_B
2026-08-29 09:45:53 [DEBUG] uvh_test.main: frame=42972 COUNTED track_id=2003 class=LCV
2026-08-29 09:45:58 [DEBUG] uvh_test.counter: track_id: 2014, frame: 43141, previous_bottom_center: (1292.45849609375, 379.97205), current_bottom_center: (1310.633056640625, 375.84784), previous_side: -2.69, current_side: 12.68, side_transition: True, crossing_result: True, direction: A_TO_B
2026-08-29 09:45:58 [DEBUG] uvh_test.main: frame=43141 COUNTED track_id=2014 class=Two-wheeler
2026-08-29 09:46:02 [DEBUG] uvh_test.counter: track_id: 2017, frame: 43290, previous_bottom_center: (1352.225830078125, 434.55634), current_bottom_center: (1387.742919921875, 425.39322), previous_side: -2.14, current_side: 28.72, side_transition: True, crossing_result: True, direction: A_TO_B
2026-08-29 09:46:02 [INFO] uvh_test.counter: SAFETY NET REJECTION: Rejecting tid=2017 as duplicate of class Two-wheeler, prev_tid=2014, dist=91.7px, thresh=150.0px, bbox_size=134.0x135.3
2026-08-29 09:46:02 [DEBUG] uvh_test.counter: track_id: 2016, frame: 43302, previous_bottom_center: (1282.1845703125, 373.4398), current_bottom_center: (1301.91064453125, 370.2738), previous_side: -4.88, current_side: 10.85, side_transition: True, crossing_result: True, direction: A_TO_B
2026-08-29 09:46:02 [DEBUG] uvh_test.main: frame=43302 COUNTED track_id=2016 class=Two-wheeler
2026-08-29 09:46:03 [DEBUG] uvh_test.counter: track_id: 2019, frame: 43318, previous_bottom_center: (1295.031982421875, 397.43216), current_bottom_center: (1316.9208984375, 392.09772), previous_side: -13.75, current_side: 5.03, side_transition: True, crossing_result: True, direction: A_TO_B
2026-08-29 09:46:03 [INFO] uvh_test.counter: SAFETY NET REJECTION: Rejecting tid=2019 as duplicate of class Two-wheeler, prev_tid=2016, dist=26.5px, thresh=150.0px, bbox_size=122.6x114.0
2026-08-29 09:46:04 [DEBUG] uvh_test.counter: track_id: 2023, frame: 43370, previous_bottom_center: (1282.2838134765625, 375.4736), current_bottom_center: (1302.9981689453125, 372.32117), previous_side: -6.30, current_side: 10.08, side_transition: True, crossing_result: True, direction: A_TO_B
2026-08-29 09:46:04 [INFO] uvh_test.counter: SAFETY NET REJECTION: Rejecting tid=2023 as duplicate of class Two-wheeler, prev_tid=2016, dist=2.3px, thresh=150.0px, bbox_size=112.0x103.5
2026-08-29 09:46:05 [DEBUG] uvh_test.counter: track_id: 2034, frame: 43377, previous_bottom_center: (1570.205322265625, 646.0517), current_bottom_center: (1602.6748046875, 642.4052), previous_side: -9.24, current_side: 15.50, side_transition: True, crossing_result: True, direction: A_TO_B
2026-08-29 09:46:05 [DEBUG] uvh_test.main: frame=43377 COUNTED track_id=2034 class=Truck
2026-08-29 09:46:05 [DEBUG] uvh_test.counter: track_id: 2030, frame: 43381, previous_bottom_center: (1605.042236328125, 691.812), current_bottom_center: (1640.790283203125, 691.7015), previous_side: -19.15, current_side: 5.22, side_transition: True, crossing_result: True, direction: A_TO_B
2026-08-29 09:46:05 [INFO] uvh_test.counter: SAFETY NET REJECTION: Rejecting tid=2030 as duplicate of class Truck, prev_tid=2034, dist=62.3px, thresh=300.0px, bbox_size=458.9x384.3
2026-08-29 09:46:05 [DEBUG] uvh_test.counter: track_id: 2035, frame: 43381, previous_bottom_center: (1561.43603515625, 641.8447), current_bottom_center: (1595.6376953125, 641.6747), previous_side: -12.11, current_side: 11.25, side_transition: True, crossing_result: True, direction: A_TO_B
2026-08-29 09:46:05 [INFO] uvh_test.counter: SAFETY NET REJECTION: Rejecting tid=2035 as duplicate of class Truck, prev_tid=2034, dist=7.1px, thresh=300.0px, bbox_size=458.9x384.4
2026-08-29 09:46:10 [DEBUG] uvh_test.counter: track_id: 2044, frame: 43538, previous_bottom_center: (1386.2596435546875, 495.88098), current_bottom_center: (1421.5751953125, 464.8364), previous_side: -24.01, current_side: 22.76, side_transition: True, crossing_result: True, direction: A_TO_B
2026-08-29 09:46:10 [DEBUG] uvh_test.main: frame=43538 COUNTED track_id=2044 class=LCV
2026-08-29 09:46:10 [DEBUG] uvh_test.counter: track_id: 2049, frame: 43539, previous_bottom_center: (1345.31787109375, 513.4403), current_bottom_center: (1417.324462890625, 442.99042), previous_side: -64.71, current_side: 35.90, side_transition: True, crossing_result: True, direction: A_TO_B
2026-08-29 09:46:10 [INFO] uvh_test.counter: SAFETY NET REJECTION: Rejecting tid=2049 as duplicate of class LCV, prev_tid=2044, dist=22.3px, thresh=150.0px, bbox_size=321.6x263.4
2026-08-29 09:46:13 [DEBUG] uvh_test.counter: track_id: 2053, frame: 43653, previous_bottom_center: (1324.6563720703125, 408.2354), current_bottom_center: (1347.705322265625, 403.42404), previous_side: -1.55, current_side: 17.64, side_transition: True, crossing_result: True, direction: A_TO_B
2026-08-29 09:46:13 [DEBUG] uvh_test.main: frame=43653 COUNTED track_id=2053 class=Three-wheeler
2026-08-29 09:46:18 [DEBUG] uvh_test.counter: track_id: 2059, frame: 43851, previous_bottom_center: (1282.2646484375, 371.52454), current_bottom_center: (1301.035400390625, 368.75095), previous_side: -3.42, current_side: 11.37, side_transition: True, crossing_result: True, direction: A_TO_B
2026-08-29 09:46:18 [DEBUG] uvh_test.main: frame=43851 COUNTED track_id=2059 class=Two-wheeler
2026-08-29 09:46:21 [DEBUG] uvh_test.counter: track_id: 2061, frame: 43988, previous_bottom_center: (1288.2015380859375, 375.87317), current_bottom_center: (1301.260009765625, 373.45248), previous_side: -2.57, current_side: 8.07, side_transition: True, crossing_result: True, direction: A_TO_B
2026-08-29 09:46:21 [INFO] uvh_test.counter: SAFETY NET REJECTION: Rejecting tid=2061 as duplicate of class Two-wheeler, prev_tid=2059, dist=4.7px, thresh=150.0px, bbox_size=126.4x100.4
2026-08-29 09:46:24 [DEBUG] uvh_test.counter: track_id: 2062, frame: 44081, previous_bottom_center: (1324.739501953125, 429.38284), current_bottom_center: (1363.654296875, 419.8139), previous_side: -17.02, current_side: 16.44, side_transition: True, crossing_result: True, direction: A_TO_B
2026-08-29 09:46:24 [DEBUG] uvh_test.main: frame=44081 COUNTED track_id=2062 class=Two-wheeler
2026-08-29 09:46:26 [DEBUG] uvh_test.counter: track_id: 2066, frame: 44172, previous_bottom_center: (1327.6834716796875, 442.2198), current_bottom_center: (1362.1866455078125, 432.7721), previous_side: -24.43, current_side: 5.94, side_transition: True, crossing_result: True, direction: A_TO_B
2026-08-29 09:46:26 [INFO] uvh_test.counter: SAFETY NET REJECTION: Rejecting tid=2066 as duplicate of class Two-wheeler, prev_tid=2062, dist=13.0px, thresh=150.0px, bbox_size=141.1x136.9
2026-08-29 09:46:28 [DEBUG] uvh_test.counter: track_id: 2076, frame: 44236, previous_bottom_center: (1325.400634765625, 408.18427), current_bottom_center: (1351.30419921875, 402.58078), previous_side: -1.01, current_side: 20.70, side_transition: True, crossing_result: True, direction: A_TO_B
2026-08-29 09:46:28 [DEBUG] uvh_test.main: frame=44236 COUNTED track_id=2076 class=Three-wheeler
2026-08-29 09:46:30 [DEBUG] uvh_test.counter: track_id: 2079, frame: 44316, previous_bottom_center: (1288.5933837890625, 391.23108), current_bottom_center: (1313.3338623046875, 386.56708), previous_side: -13.58, current_side: 6.65, side_transition: True, crossing_result: True, direction: A_TO_B
2026-08-29 09:46:30 [DEBUG] uvh_test.main: frame=44316 COUNTED track_id=2079 class=Two-wheeler
2026-08-29 09:46:31 [DEBUG] uvh_test.counter: track_id: 2080, frame: 44370, previous_bottom_center: (1335.2366943359375, 435.89804), current_bottom_center: (1368.83984375, 428.3157), previous_side: -14.66, current_side: 13.73, side_transition: True, crossing_result: True, direction: A_TO_B
2026-08-29 09:46:31 [INFO] uvh_test.counter: SAFETY NET REJECTION: Rejecting tid=2080 as duplicate of class Two-wheeler, prev_tid=2079, dist=69.5px, thresh=150.0px, bbox_size=140.6x135.8
2026-08-29 09:46:37 [DEBUG] uvh_test.counter: track_id: 2081, frame: 44624, previous_bottom_center: (1314.78662109375, 415.39737), current_bottom_center: (1350.358154296875, 407.43216), previous_side: -13.51, current_side: 16.50, side_transition: True, crossing_result: True, direction: A_TO_B
2026-08-29 09:46:37 [DEBUG] uvh_test.main: frame=44624 COUNTED track_id=2081 class=Two-wheeler
2026-08-29 09:46:40 [DEBUG] uvh_test.counter: track_id: 2084, frame: 44714, previous_bottom_center: (1294.034912109375, 380.06683), current_bottom_center: (1310.77783203125, 377.17413), previous_side: -1.69, current_side: 11.81, side_transition: True, crossing_result: True, direction: A_TO_B
2026-08-29 09:46:40 [INFO] uvh_test.counter: SAFETY NET REJECTION: Rejecting tid=2084 as duplicate of class Two-wheeler, prev_tid=2081, dist=49.8px, thresh=150.0px, bbox_size=116.7x106.5
2026-08-29 09:46:41 [DEBUG] uvh_test.counter: track_id: 2094, frame: 44779, previous_bottom_center: (1364.559814453125, 452.57486), current_bottom_center: (1404.863037109375, 439.40115), previous_side: -6.98, current_side: 30.07, side_transition: True, crossing_result: True, direction: A_TO_B
2026-08-29 09:46:41 [DEBUG] uvh_test.main: frame=44779 COUNTED track_id=2094 class=Sedan
2026-08-29 09:46:45 [DEBUG] uvh_test.counter: track_id: 2097, frame: 44941, previous_bottom_center: (1301.697265625, 413.5915), current_bottom_center: (1330.133056640625, 407.15558), previous_side: -21.08, current_side: 2.96, side_transition: True, crossing_result: True, direction: A_TO_B
2026-08-29 09:46:45 [DEBUG] uvh_test.main: frame=44941 COUNTED track_id=2097 class=Two-wheeler
2026-08-29 09:46:49 [DEBUG] uvh_test.counter: track_id: 2098, frame: 45073, previous_bottom_center: (1327.957763671875, 432.35095), current_bottom_center: (1368.1070556640625, 423.07925), previous_side: -17.01, current_side: 17.07, side_transition: True, crossing_result: True, direction: A_TO_B
2026-08-29 09:46:49 [INFO] uvh_test.counter: SAFETY NET REJECTION: Rejecting tid=2098 as duplicate of class Two-wheeler, prev_tid=2097, dist=41.2px, thresh=150.0px, bbox_size=123.7x129.9
2026-08-29 09:46:50 [DEBUG] uvh_test.counter: track_id: 2102, frame: 45111, previous_bottom_center: (1307.0184326171875, 401.90524), current_bottom_center: (1343.0322265625, 393.77325), previous_side: -8.89, current_side: 21.54, side_transition: True, crossing_result: True, direction: A_TO_B
2026-08-29 09:46:50 [DEBUG] uvh_test.main: frame=45111 COUNTED track_id=2102 class=Two-wheeler
2026-08-29 09:46:55 [DEBUG] uvh_test.counter: track_id: 2105, frame: 45356, previous_bottom_center: (1304.1888427734375, 431.48035), current_bottom_center: (1347.203857421875, 421.4857), previous_side: -32.52, current_side: 4.04, side_transition: True, crossing_result: True, direction: A_TO_B
2026-08-29 09:46:55 [DEBUG] uvh_test.main: frame=45356 COUNTED track_id=2105 class=Two-wheeler
2026-08-29 09:46:57 [DEBUG] uvh_test.counter: track_id: 2107, frame: 45412, previous_bottom_center: (1309.058349609375, 403.54468), current_bottom_center: (1341.353759765625, 395.60934), previous_side: -8.71, current_side: 19.05, side_transition: True, crossing_result: True, direction: A_TO_B
2026-08-29 09:46:57 [INFO] uvh_test.counter: SAFETY NET REJECTION: Rejecting tid=2107 as duplicate of class Two-wheeler, prev_tid=2105, dist=26.5px, thresh=150.0px, bbox_size=122.5x115.2
2026-08-29 09:46:58 [DEBUG] uvh_test.counter: track_id: 2110, frame: 45442, previous_bottom_center: (1482.83740234375, 575.545), current_bottom_center: (1495.3013916015625, 531.4162), previous_side: -16.86, current_side: 23.99, side_transition: True, crossing_result: True, direction: A_TO_B
2026-08-29 09:46:58 [DEBUG] uvh_test.main: frame=45442 COUNTED track_id=2110 class=Sedan
2026-08-29 09:47:00 [DEBUG] uvh_test.counter: track_id: 2124, frame: 45529, previous_bottom_center: (1289.759765625, 407.46313), current_bottom_center: (1329.79443359375, 399.97778), previous_side: -24.70, current_side: 8.00, side_transition: True, crossing_result: True, direction: A_TO_B
2026-08-29 09:47:00 [DEBUG] uvh_test.main: frame=45529 COUNTED track_id=2124 class=Two-wheeler
2026-08-29 09:47:05 [DEBUG] uvh_test.counter: track_id: 2126, frame: 45755, previous_bottom_center: (1303.025146484375, 396.8444), current_bottom_center: (1332.20654296875, 390.70303), previous_side: -7.89, current_side: 16.44, side_transition: True, crossing_result: True, direction: A_TO_B
2026-08-29 09:47:05 [DEBUG] uvh_test.main: frame=45755 COUNTED track_id=2126 class=Two-wheeler
2026-08-29 09:47:07 [DEBUG] uvh_test.counter: track_id: 2129, frame: 45841, previous_bottom_center: (1320.986328125, 413.05115), current_bottom_center: (1356.923828125, 405.43515), previous_side: -7.58, current_side: 22.42, side_transition: True, crossing_result: True, direction: A_TO_B
2026-08-29 09:47:07 [INFO] uvh_test.counter: SAFETY NET REJECTION: Rejecting tid=2129 as duplicate of class Two-wheeler, prev_tid=2126, dist=28.8px, thresh=150.0px, bbox_size=135.6x125.6
2026-08-29 09:47:09 [DEBUG] uvh_test.counter: track_id: 2131, frame: 45893, previous_bottom_center: (1293.6427001953125, 400.4057), current_bottom_center: (1319.874755859375, 394.1935), previous_side: -16.88, current_side: 5.50, side_transition: True, crossing_result: True, direction: A_TO_B
2026-08-29 09:47:09 [INFO] uvh_test.counter: SAFETY NET REJECTION: Rejecting tid=2131 as duplicate of class Two-wheeler, prev_tid=2126, dist=12.8px, thresh=150.0px, bbox_size=124.6x115.2
2026-08-29 09:47:10 [DEBUG] uvh_test.counter: track_id: 2137, frame: 45926, previous_bottom_center: (1609.49609375, 647.7049), current_bottom_center: (1317.1689453125, 647.6647), previous_side: 16.25, current_side: -182.33, side_transition: True, crossing_result: True, direction: B_TO_A
2026-08-29 09:47:10 [DEBUG] uvh_test.main: frame=45926 COUNTED track_id=2137 class=SUV
2026-08-29 09:47:10 [DEBUG] uvh_test.counter: track_id: 2144, frame: 45930, previous_bottom_center: (1426.10986328125, 520.032), current_bottom_center: (1468.962646484375, 500.75555), previous_side: -14.66, current_side: 28.60, side_transition: True, crossing_result: True, direction: A_TO_B
2026-08-29 09:47:10 [DEBUG] uvh_test.main: frame=45930 COUNTED track_id=2144 class=SUV
2026-08-29 09:47:14 [DEBUG] uvh_test.counter: track_id: 2154, frame: 46110, previous_bottom_center: (1416.298828125, 514.7952), current_bottom_center: (1457.74560546875, 499.31573), previous_side: -17.48, current_side: 22.03, side_transition: True, crossing_result: True, direction: A_TO_B
2026-08-29 09:47:14 [DEBUG] uvh_test.main: frame=46110 COUNTED track_id=2154 class=Two-wheeler
2026-08-29 09:47:14 [DEBUG] uvh_test.counter: track_id: 2152, frame: 46114, previous_bottom_center: (1314.479736328125, 421.81906), current_bottom_center: (1349.422607421875, 413.63345), previous_side: -18.44, current_side: 11.31, side_transition: True, crossing_result: True, direction: A_TO_B
2026-08-29 09:47:14 [INFO] uvh_test.counter: SAFETY NET REJECTION: Rejecting tid=2152 as duplicate of class Two-wheeler, prev_tid=2154, dist=138.1px, thresh=150.0px, bbox_size=152.7x120.7
2026-08-29 09:47:15 [DEBUG] uvh_test.counter: track_id: 2150, frame: 46130, previous_bottom_center: (1292.8306884765625, 390.7263), current_bottom_center: (1318.556884765625, 385.59378), previous_side: -10.33, current_side: 10.92, side_transition: True, crossing_result: True, direction: A_TO_B
2026-08-29 09:47:15 [DEBUG] uvh_test.main: frame=46130 COUNTED track_id=2150 class=Two-wheeler
2026-08-29 09:47:21 [DEBUG] uvh_test.counter: track_id: 2157, frame: 46406, previous_bottom_center: (1593.3780517578125, 695.47156), current_bottom_center: (1638.783447265625, 658.8769), previous_side: -29.76, current_side: 27.95, side_transition: True, crossing_result: True, direction: A_TO_B
2026-08-29 09:47:21 [DEBUG] uvh_test.counter: track_id: 2158, frame: 46406, previous_bottom_center: (1621.383056640625, 743.48474), current_bottom_center: (1647.76220703125, 646.2453), previous_side: -45.96, current_side: 43.31, side_transition: True, crossing_result: True, direction: A_TO_B
2026-08-29 09:47:21 [INFO] uvh_test.counter: SAFETY NET REJECTION: Rejecting tid=2158 as duplicate of class MUV, prev_tid=2157, dist=15.5px, thresh=150.0px, bbox_size=355.9x295.5
2026-08-29 09:47:21 [DEBUG] uvh_test.main: frame=46406 COUNTED track_id=2157 class=MUV
2026-08-29 09:47:22 [DEBUG] uvh_test.counter: track_id: 2165, frame: 46432, previous_bottom_center: (1304.27294921875, 388.98416), current_bottom_center: (1325.8111572265625, 384.62015), previous_side: -1.28, current_side: 16.56, side_transition: True, crossing_result: True, direction: A_TO_B
2026-08-29 09:47:22 [DEBUG] uvh_test.main: frame=46432 COUNTED track_id=2165 class=LCV
2026-08-29 09:47:27 [DEBUG] uvh_test.counter: track_id: 2168, frame: 46659, previous_bottom_center: (1585.30419921875, 743.709), current_bottom_center: (1604.76904296875, 629.954), previous_side: -70.64, current_side: 26.06, side_transition: True, crossing_result: True, direction: A_TO_B
2026-08-29 09:47:27 [DEBUG] uvh_test.main: frame=46659 COUNTED track_id=2168 class=SUV
2026-08-29 09:47:27 [DEBUG] uvh_test.counter: track_id: 2169, frame: 46660, previous_bottom_center: (1595.2950439453125, 695.70374), current_bottom_center: (1644.619384765625, 695.7021), previous_side: -28.62, current_side: 4.89, side_transition: True, crossing_result: True, direction: A_TO_B
2026-08-29 09:47:27 [INFO] uvh_test.counter: SAFETY NET REJECTION: Rejecting tid=2169 as duplicate of class SUV, prev_tid=2168, dist=76.9px, thresh=150.0px, bbox_size=458.8x384.3
2026-08-29 09:47:29 [DEBUG] uvh_test.counter: track_id: 2172, frame: 46757, previous_bottom_center: (1303.620361328125, 400.79782), current_bottom_center: (1326.2783203125, 395.17615), previous_side: -10.39, current_side: 9.13, side_transition: True, crossing_result: True, direction: A_TO_B
2026-08-29 09:47:29 [DEBUG] uvh_test.main: frame=46757 COUNTED track_id=2172 class=Hatchback
2026-08-29 09:47:33 [DEBUG] uvh_test.counter: track_id: 2177, frame: 46905, previous_bottom_center: (1295.32568359375, 410.39832), current_bottom_center: (1330.0699462890625, 403.65033), previous_side: -23.07, current_side: 5.49, side_transition: True, crossing_result: True, direction: A_TO_B
2026-08-29 09:47:33 [DEBUG] uvh_test.main: frame=46905 COUNTED track_id=2177 class=Two-wheeler
2026-08-29 09:47:36 [DEBUG] uvh_test.counter: track_id: 2180, frame: 47025, previous_bottom_center: (1551.4461669921875, 640.38214), current_bottom_center: (1600.378662109375, 603.5285), previous_side: -17.82, current_side: 42.47, side_transition: True, crossing_result: True, direction: A_TO_B
2026-08-29 09:47:36 [DEBUG] uvh_test.main: frame=47025 COUNTED track_id=2180 class=Truck
2026-08-29 09:47:36 [DEBUG] uvh_test.counter: track_id: 2183, frame: 47026, previous_bottom_center: (1606.289794921875, 695.81274), current_bottom_center: (1608.6138916015625, 659.997), previous_side: -21.23, current_side: 6.63, side_transition: True, crossing_result: True, direction: A_TO_B
2026-08-29 09:47:36 [INFO] uvh_test.counter: SAFETY NET REJECTION: Rejecting tid=2183 as duplicate of class Truck, prev_tid=2180, dist=57.1px, thresh=300.0px, bbox_size=459.2x384.5
2026-08-29 09:47:36 [DEBUG] uvh_test.counter: track_id: 2181, frame: 47037, previous_bottom_center: (1281.999267578125, 396.73676), current_bottom_center: (1313.9306640625, 390.4131), previous_side: -22.10, current_side: 4.24, side_transition: True, crossing_result: True, direction: A_TO_B
2026-08-29 09:47:36 [DEBUG] uvh_test.main: frame=47037 COUNTED track_id=2181 class=Three-wheeler
2026-08-29 09:47:42 [DEBUG] uvh_test.counter: track_id: 2193, frame: 47242, previous_bottom_center: (1292.5166015625, 383.44513), current_bottom_center: (1319.392578125, 378.73672), previous_side: -5.20, current_side: 16.52, side_transition: True, crossing_result: True, direction: A_TO_B
2026-08-29 09:47:42 [DEBUG] uvh_test.main: frame=47242 COUNTED track_id=2193 class=Two-wheeler
2026-08-29 09:47:46 [DEBUG] uvh_test.counter: track_id: 2194, frame: 47424, previous_bottom_center: (1394.03662109375, 501.32422), current_bottom_center: (1426.10498046875, 481.316), previous_side: -22.72, current_side: 13.74, side_transition: True, crossing_result: True, direction: A_TO_B
2026-08-29 09:47:46 [DEBUG] uvh_test.main: frame=47424 COUNTED track_id=2194 class=Sedan
2026-08-29 09:47:49 [DEBUG] uvh_test.counter: track_id: 2211, frame: 47534, previous_bottom_center: (1358.943359375, 449.10974), current_bottom_center: (1391.432861328125, 437.94833), previous_side: -8.25, current_side: 22.01, side_transition: True, crossing_result: True, direction: A_TO_B
2026-08-29 09:47:49 [DEBUG] uvh_test.main: frame=47534 COUNTED track_id=2211 class=Three-wheeler
2026-08-29 09:47:50 [DEBUG] uvh_test.counter: track_id: 2212, frame: 47578, previous_bottom_center: (1321.17626953125, 432.14203), current_bottom_center: (1351.07177734375, 425.93478), previous_side: -21.46, current_side: 3.40, side_transition: True, crossing_result: True, direction: A_TO_B
2026-08-29 09:47:50 [DEBUG] uvh_test.main: frame=47578 COUNTED track_id=2212 class=Two-wheeler
2026-08-29 09:47:54 [DEBUG] uvh_test.counter: track_id: 2218, frame: 47770, previous_bottom_center: (1541.71826171875, 610.727), current_bottom_center: (1587.3233642578125, 552.1355), previous_side: -2.67, current_side: 71.31, side_transition: True, crossing_result: True, direction: A_TO_B
2026-08-29 09:47:54 [DEBUG] uvh_test.main: frame=47770 COUNTED track_id=2218 class=MUV
2026-08-29 09:47:59 [DEBUG] uvh_test.counter: track_id: 2226, frame: 47978, previous_bottom_center: (1320.131591796875, 438.692), current_bottom_center: (1360.34912109375, 427.81653), previous_side: -26.98, current_side: 8.33, side_transition: True, crossing_result: True, direction: A_TO_B
2026-08-29 09:47:59 [DEBUG] uvh_test.main: frame=47978 COUNTED track_id=2226 class=Two-wheeler
2026-08-29 09:48:00 [DEBUG] uvh_test.counter: track_id: 2227, frame: 48004, previous_bottom_center: (1315.943115234375, 398.20712), current_bottom_center: (1347.4541015625, 391.76), previous_side: -0.12, current_side: 26.02, side_transition: True, crossing_result: True, direction: A_TO_B
2026-08-29 09:48:00 [INFO] uvh_test.counter: SAFETY NET REJECTION: Rejecting tid=2227 as duplicate of class Two-wheeler, prev_tid=2226, dist=38.3px, thresh=150.0px, bbox_size=127.7x114.1
2026-08-29 09:48:03 [DEBUG] uvh_test.counter: track_id: 2230, frame: 48105, previous_bottom_center: (1337.5025634765625, 438.13647), current_bottom_center: (1381.7642822265625, 426.74625), previous_side: -14.77, current_side: 23.66, side_transition: True, crossing_result: True, direction: A_TO_B
2026-08-29 09:48:03 [INFO] uvh_test.counter: SAFETY NET REJECTION: Rejecting tid=2230 as duplicate of class Two-wheeler, prev_tid=2226, dist=21.4px, thresh=150.0px, bbox_size=154.4x137.0
2026-08-29 09:48:04 [DEBUG] uvh_test.counter: track_id: 2233, frame: 48140, previous_bottom_center: (1347.6053466796875, 465.76276), current_bottom_center: (1387.8466796875, 453.37103), previous_side: -28.18, current_side: 8.26, side_transition: True, crossing_result: True, direction: A_TO_B
2026-08-29 09:48:04 [DEBUG] uvh_test.main: frame=48140 COUNTED track_id=2233 class=Sedan
2026-08-29 09:48:09 [DEBUG] uvh_test.counter: track_id: 2240, frame: 48362, previous_bottom_center: (1307.352294921875, 403.29175), current_bottom_center: (1338.001953125, 396.07883), previous_side: -9.68, current_side: 16.43, side_transition: True, crossing_result: True, direction: A_TO_B
2026-08-29 09:48:09 [DEBUG] uvh_test.main: frame=48362 COUNTED track_id=2240 class=Two-wheeler
2026-08-29 09:48:10 [DEBUG] uvh_test.counter: track_id: 2244, frame: 48376, previous_bottom_center: (1602.908935546875, 697.89777), current_bottom_center: (1626.8037109375, 637.5493), previous_side: -25.06, current_side: 35.46, side_transition: True, crossing_result: True, direction: A_TO_B
2026-08-29 09:48:10 [DEBUG] uvh_test.main: frame=48376 COUNTED track_id=2244 class=MUV
2026-08-29 09:48:14 [DEBUG] uvh_test.counter: track_id: 2247, frame: 48437, previous_bottom_center: (1282.773681640625, 385.23914), current_bottom_center: (1303.035888671875, 381.59912), previous_side: -13.13, current_side: 3.30, side_transition: True, crossing_result: True, direction: A_TO_B
2026-08-29 09:48:14 [INFO] uvh_test.counter: SAFETY NET REJECTION: Rejecting tid=2247 as duplicate of class Two-wheeler, prev_tid=2240, dist=37.8px, thresh=150.0px, bbox_size=123.9x110.3
2026-08-29 09:48:16 [DEBUG] uvh_test.counter: track_id: 2249, frame: 48460, previous_bottom_center: (1392.2894287109375, 474.9017), current_bottom_center: (1430.5362548828125, 463.49255), previous_side: -4.52, current_side: 29.83, side_transition: True, crossing_result: True, direction: A_TO_B
2026-08-29 09:48:16 [INFO] uvh_test.counter: SAFETY NET REJECTION: Rejecting tid=2249 as duplicate of class Two-wheeler, prev_tid=2240, dist=114.5px, thresh=150.0px, bbox_size=152.9x154.1
2026-08-29 09:48:19 [DEBUG] uvh_test.counter: track_id: 2252, frame: 48515, previous_bottom_center: (1337.900634765625, 419.1233), current_bottom_center: (1366.0836181640625, 413.15414), previous_side: -0.55, current_side: 22.98, side_transition: True, crossing_result: True, direction: A_TO_B
2026-08-29 09:48:19 [DEBUG] uvh_test.main: frame=48515 COUNTED track_id=2252 class=Two-wheeler
2026-08-29 09:48:29 [DEBUG] uvh_test.counter: track_id: 2256, frame: 48760, previous_bottom_center: (1318.025390625, 421.7854), current_bottom_center: (1344.56396484375, 415.0515), previous_side: -16.00, current_side: 6.97, side_transition: True, crossing_result: True, direction: A_TO_B
2026-08-29 09:48:29 [DEBUG] uvh_test.main: frame=48760 COUNTED track_id=2256 class=Two-wheeler
2026-08-29 09:48:30 [DEBUG] uvh_test.counter: track_id: 2257, frame: 48775, previous_bottom_center: (1470.673095703125, 541.97), current_bottom_center: (1485.2421875, 542.5052), previous_side: -0.48, current_side: 9.02, side_transition: True, crossing_result: True, direction: A_TO_B
2026-08-29 09:48:30 [DEBUG] uvh_test.counter: track_id: 2266, frame: 48775, previous_bottom_center: (1451.528076171875, 647.67883), current_bottom_center: (1463.619384765625, 519.895), previous_side: -91.06, current_side: 10.92, side_transition: True, crossing_result: True, direction: A_TO_B
2026-08-29 09:48:30 [INFO] uvh_test.counter: SAFETY NET REJECTION: Rejecting tid=2266 as duplicate of class LCV, prev_tid=2257, dist=31.3px, thresh=150.0px, bbox_size=314.5x259.2
2026-08-29 09:48:30 [DEBUG] uvh_test.main: frame=48775 COUNTED track_id=2257 class=LCV
2026-08-29 09:48:32 [DEBUG] uvh_test.counter: track_id: 2269, frame: 48807, previous_bottom_center: (1529.6904296875, 597.7851), current_bottom_center: (1563.308349609375, 579.0384), previous_side: -1.34, current_side: 35.25, side_transition: True, crossing_result: True, direction: A_TO_B
2026-08-29 09:48:32 [DEBUG] uvh_test.main: frame=48807 COUNTED track_id=2269 class=Two-wheeler
2026-08-29 09:48:38 [DEBUG] uvh_test.counter: track_id: 2283, frame: 48884, previous_bottom_center: (1307.273193359375, 394.4648), current_bottom_center: (1316.8641357421875, 392.26358), previous_side: -3.26, current_side: 4.87, side_transition: True, crossing_result: True, direction: A_TO_B
2026-08-29 09:48:38 [DEBUG] uvh_test.main: frame=48884 COUNTED track_id=2283 class=Truck
2026-08-29 09:48:52 [DEBUG] uvh_test.counter: track_id: 2286, frame: 49195, previous_bottom_center: (1317.560791015625, 410.35074), current_bottom_center: (1338.3665771484375, 406.1538), previous_side: -7.93, current_side: 9.29, side_transition: True, crossing_result: True, direction: A_TO_B
2026-08-29 09:48:52 [DEBUG] uvh_test.main: frame=49195 COUNTED track_id=2286 class=Three-wheeler
2026-08-29 09:48:53 [DEBUG] uvh_test.counter: track_id: 2290, frame: 49211, previous_bottom_center: (1609.15576171875, 700.5383), current_bottom_center: (1632.470703125, 680.2148), previous_side: -22.75, current_side: 8.00, side_transition: True, crossing_result: True, direction: A_TO_B
2026-08-29 09:48:53 [DEBUG] uvh_test.main: frame=49211 COUNTED track_id=2290 class=Two-wheeler
2026-08-29 09:48:54 [DEBUG] uvh_test.counter: track_id: 2303, frame: 49250, previous_bottom_center: (1568.977783203125, 643.62213), current_bottom_center: (1612.721435546875, 640.6492), previous_side: -8.29, current_side: 23.61, side_transition: True, crossing_result: True, direction: A_TO_B
2026-08-29 09:48:54 [DEBUG] uvh_test.counter: track_id: 2304, frame: 49250, previous_bottom_center: (1515.125, 694.77106), current_bottom_center: (1560.1531982421875, 580.21826), previous_side: -82.41, current_side: 32.24, side_transition: True, crossing_result: True, direction: A_TO_B
2026-08-29 09:48:54 [INFO] uvh_test.counter: SAFETY NET REJECTION: Rejecting tid=2304 as duplicate of class SUV, prev_tid=2303, dist=80.1px, thresh=150.0px, bbox_size=319.6x262.5
2026-08-29 09:48:54 [DEBUG] uvh_test.main: frame=49250 COUNTED track_id=2303 class=SUV
2026-08-29 09:48:55 [DEBUG] uvh_test.counter: track_id: 2302, frame: 49276, previous_bottom_center: (1295.079833984375, 393.31885), current_bottom_center: (1318.7431640625, 389.17325), previous_side: -10.70, current_side: 8.42, side_transition: True, crossing_result: True, direction: A_TO_B
2026-08-29 09:48:55 [DEBUG] uvh_test.main: frame=49276 COUNTED track_id=2302 class=Two-wheeler
2026-08-29 09:48:56 [DEBUG] uvh_test.counter: track_id: 2317, frame: 49322, previous_bottom_center: (1318.343505859375, 409.21844), current_bottom_center: (1341.542724609375, 404.6314), previous_side: -6.56, current_side: 12.56, side_transition: True, crossing_result: True, direction: A_TO_B
2026-08-29 09:48:56 [INFO] uvh_test.counter: SAFETY NET REJECTION: Rejecting tid=2317 as duplicate of class Two-wheeler, prev_tid=2302, dist=27.5px, thresh=150.0px, bbox_size=142.7x120.5
2026-08-29 09:48:59 [DEBUG] uvh_test.counter: track_id: 2321, frame: 49411, previous_bottom_center: (1604.6429443359375, 708.3388), current_bottom_center: (1654.958984375, 659.17523), previous_side: -31.54, current_side: 38.72, side_transition: True, crossing_result: True, direction: A_TO_B
2026-08-29 09:48:59 [DEBUG] uvh_test.main: frame=49411 COUNTED track_id=2321 class=Truck
2026-08-29 09:48:59 [DEBUG] uvh_test.counter: track_id: 2322, frame: 49413, previous_bottom_center: (1656.3724365234375, 742.8404), current_bottom_center: (1694.092529296875, 742.9379), previous_side: -21.72, current_side: 3.84, side_transition: True, crossing_result: True, direction: A_TO_B
2026-08-29 09:48:59 [INFO] uvh_test.counter: SAFETY NET REJECTION: Rejecting tid=2322 as duplicate of class Truck, prev_tid=2321, dist=92.5px, thresh=300.0px, bbox_size=451.8x384.3
2026-08-29 09:49:00 [DEBUG] uvh_test.counter: track_id: 2329, frame: 49448, previous_bottom_center: (1286.2354736328125, 391.20416), current_bottom_center: (1310.393798828125, 386.72208), previous_side: -15.16, current_side: 4.54, side_transition: True, crossing_result: True, direction: A_TO_B
2026-08-29 09:49:00 [DEBUG] uvh_test.main: frame=49448 COUNTED track_id=2329 class=Two-wheeler
[h264 @ 0x5624b4a43140] Frame num change from 13 to 14
[h264 @ 0x5624b4a43140] decode_slice_header error
2026-08-29 09:49:03 [DEBUG] uvh_test.counter: track_id: 2330, frame: 49574, previous_bottom_center: (1266.055908203125, 359.63644), current_bottom_center: (1274.55908203125, 358.2916), previous_side: -5.71, current_side: 1.06, side_transition: True, crossing_result: True, direction: A_TO_B
2026-08-29 09:49:03 [INFO] uvh_test.counter: SAFETY NET REJECTION: Rejecting tid=2330 as duplicate of class Two-wheeler, prev_tid=2329, dist=45.7px, thresh=150.0px, bbox_size=110.3x79.4
2026-08-29 09:49:06 [DEBUG] uvh_test.counter: track_id: 2334, frame: 49703, previous_bottom_center: (1489.084228515625, 646.35114), current_bottom_center: (1556.5460205078125, 607.50635), previous_side: -64.57, current_side: 9.77, side_transition: True, crossing_result: True, direction: A_TO_B
2026-08-29 09:49:06 [DEBUG] uvh_test.main: frame=49703 COUNTED track_id=2334 class=Two-wheeler
2026-08-29 09:49:09 [DEBUG] uvh_test.counter: track_id: 2336, frame: 49783, previous_bottom_center: (1319.379638671875, 429.56665), current_bottom_center: (1354.16748046875, 419.856), previous_side: -20.79, current_side: 9.97, side_transition: True, crossing_result: True, direction: A_TO_B
2026-08-29 09:49:09 [DEBUG] uvh_test.main: frame=49783 COUNTED track_id=2336 class=Two-wheeler
2026-08-29 09:49:10 [DEBUG] uvh_test.counter: track_id: 2338, frame: 49839, previous_bottom_center: (1578.69189453125, 742.94226), current_bottom_center: (1642.728271484375, 676.46594), previous_side: -74.57, current_side: 17.72, side_transition: True, crossing_result: True, direction: A_TO_B
2026-08-29 09:49:10 [DEBUG] uvh_test.main: frame=49839 COUNTED track_id=2338 class=LCV
2026-08-29 09:49:10 [DEBUG] uvh_test.counter: track_id: 2346, frame: 49842, previous_bottom_center: (1605.220458984375, 695.8889), current_bottom_center: (1692.28564453125, 658.7279), previous_side: -22.02, current_side: 64.40, side_transition: True, crossing_result: True, direction: A_TO_B
2026-08-29 09:49:10 [DEBUG] uvh_test.main: frame=49842 COUNTED track_id=2346 class=Truck
2026-08-29 09:49:12 [DEBUG] uvh_test.counter: track_id: 2349, frame: 49908, previous_bottom_center: (1343.5115966796875, 430.60776), current_bottom_center: (1369.472900390625, 423.58316), previous_side: -5.16, current_side: 17.63, side_transition: True, crossing_result: True, direction: A_TO_B
2026-08-29 09:49:12 [INFO] uvh_test.counter: SAFETY NET REJECTION: Rejecting tid=2349 as duplicate of class Two-wheeler, prev_tid=2336, dist=15.8px, thresh=150.0px, bbox_size=150.8x136.5
2026-08-29 09:49:14 [DEBUG] uvh_test.counter: track_id: 2355, frame: 49976, previous_bottom_center: (1329.76953125, 424.60995), current_bottom_center: (1350.15087890625, 418.7954), previous_side: -10.10, current_side: 8.02, side_transition: True, crossing_result: True, direction: A_TO_B
2026-08-29 09:49:14 [DEBUG] uvh_test.main: frame=49976 COUNTED track_id=2355 class=Three-wheeler
2026-08-29 09:49:17 [DEBUG] uvh_test.counter: track_id: 2356, frame: 50040, previous_bottom_center: (1331.9017333984375, 420.69275), current_bottom_center: (1353.9317626953125, 415.20123), previous_side: -5.77, current_side: 13.22, side_transition: True, crossing_result: True, direction: A_TO_B
2026-08-29 09:49:17 [DEBUG] uvh_test.main: frame=50040 COUNTED track_id=2356 class=Two-wheeler
2026-08-29 09:49:23 [DEBUG] uvh_test.counter: track_id: 2357, frame: 50251, previous_bottom_center: (1308.486572265625, 402.75046), current_bottom_center: (1334.3148193359375, 396.6361), previous_side: -8.51, current_side: 13.52, side_transition: True, crossing_result: True, direction: A_TO_B
2026-08-29 09:49:23 [DEBUG] uvh_test.main: frame=50251 COUNTED track_id=2357 class=Two-wheeler
2026-08-29 09:49:27 [DEBUG] uvh_test.counter: track_id: 2364, frame: 50395, previous_bottom_center: (1378.8477783203125, 516.872), current_bottom_center: (1426.19775390625, 498.45923), previous_side: -44.45, current_side: 1.23, side_transition: True, crossing_result: True, direction: A_TO_B
2026-08-29 09:49:27 [DEBUG] uvh_test.main: frame=50395 COUNTED track_id=2364 class=SUV
2026-08-29 09:49:29 [DEBUG] uvh_test.counter: track_id: 2367, frame: 50449, previous_bottom_center: (1284.891845703125, 392.7228), current_bottom_center: (1307.330322265625, 389.47803), previous_side: -17.19, current_side: 0.44, side_transition: True, crossing_result: True, direction: A_TO_B
2026-08-29 09:49:29 [DEBUG] uvh_test.main: frame=50449 COUNTED track_id=2367 class=Two-wheeler
2026-08-29 09:49:31 [DEBUG] uvh_test.counter: track_id: 2369, frame: 50518, previous_bottom_center: (1338.3477783203125, 419.11374), current_bottom_center: (1369.143310546875, 412.2272), previous_side: -0.23, current_side: 25.74, side_transition: True, crossing_result: True, direction: A_TO_B
2026-08-29 09:49:31 [INFO] uvh_test.counter: SAFETY NET REJECTION: Rejecting tid=2369 as duplicate of class Two-wheeler, prev_tid=2367, dist=65.9px, thresh=150.0px, bbox_size=125.3x129.4
2026-08-29 09:49:35 [DEBUG] uvh_test.counter: track_id: 2373, frame: 50666, previous_bottom_center: (1595.479736328125, 695.6825), current_bottom_center: (1639.87451171875, 695.6773), previous_side: -28.48, current_side: 1.68, side_transition: True, crossing_result: True, direction: A_TO_B
2026-08-29 09:49:35 [DEBUG] uvh_test.main: frame=50666 COUNTED track_id=2373 class=LCV
2026-08-29 09:49:35 [DEBUG] uvh_test.counter: track_id: 2372, frame: 50667, previous_bottom_center: (1546.228271484375, 698.0791), current_bottom_center: (1666.41796875, 658.1229), previous_side: -63.70, current_side: 47.27, side_transition: True, crossing_result: True, direction: A_TO_B
2026-08-29 09:49:35 [INFO] uvh_test.counter: SAFETY NET REJECTION: Rejecting tid=2372 as duplicate of class LCV, prev_tid=2373, dist=46.0px, thresh=150.0px, bbox_size=458.7x384.3
2026-08-29 09:49:36 [DEBUG] uvh_test.counter: track_id: 2370, frame: 50689, previous_bottom_center: (1307.783447265625, 404.15637), current_bottom_center: (1333.25390625, 397.41965), previous_side: -10.02, current_side: 12.22, side_transition: True, crossing_result: True, direction: A_TO_B
2026-08-29 09:49:36 [DEBUG] uvh_test.main: frame=50689 COUNTED track_id=2370 class=Two-wheeler
2026-08-29 09:49:41 [DEBUG] uvh_test.counter: track_id: 2378, frame: 50860, previous_bottom_center: (1320.4970703125, 410.36282), current_bottom_center: (1347.7392578125, 404.73074), previous_side: -5.94, current_side: 16.70, side_transition: True, crossing_result: True, direction: A_TO_B
2026-08-29 09:49:41 [DEBUG] uvh_test.main: frame=50860 COUNTED track_id=2378 class=Two-wheeler
2026-08-29 09:49:47 [DEBUG] uvh_test.counter: track_id: 2380, frame: 51063, previous_bottom_center: (1299.5528564453125, 392.48502), current_bottom_center: (1337.52197265625, 385.3011), previous_side: -7.05, current_side: 24.02, side_transition: True, crossing_result: True, direction: A_TO_B
2026-08-29 09:49:47 [DEBUG] uvh_test.main: frame=51063 COUNTED track_id=2380 class=Two-wheeler
2026-08-29 09:49:48 [DEBUG] uvh_test.counter: track_id: 2391, frame: 51097, previous_bottom_center: (1370.0546875, 451.5281), current_bottom_center: (1404.228271484375, 451.97272), previous_side: -2.48, current_side: 20.41, side_transition: True, crossing_result: True, direction: A_TO_B
2026-08-29 09:49:48 [DEBUG] uvh_test.main: frame=51097 COUNTED track_id=2391 class=Bus
2026-08-29 09:49:48 [DEBUG] uvh_test.counter: track_id: 2385, frame: 51099, previous_bottom_center: (1439.534423828125, 516.8206), current_bottom_center: (1464.83154296875, 505.21085), previous_side: -3.18, current_side: 22.52, side_transition: True, crossing_result: True, direction: A_TO_B
2026-08-29 09:49:48 [INFO] uvh_test.counter: SAFETY NET REJECTION: Rejecting tid=2385 as duplicate of class Bus, prev_tid=2391, dist=80.7px, thresh=344.1px, bbox_size=458.8x384.4
2026-08-29 09:49:49 [DEBUG] uvh_test.counter: track_id: 2394, frame: 51104, previous_bottom_center: (1557.140869140625, 743.77905), current_bottom_center: (1631.090576171875, 669.731), previous_side: -89.82, current_side: 14.75, side_transition: True, crossing_result: True, direction: A_TO_B
2026-08-29 09:49:49 [DEBUG] uvh_test.counter: track_id: 2395, frame: 51104, previous_bottom_center: (1605.0870361328125, 695.7226), current_bottom_center: (1675.013427734375, 695.71075), previous_side: -21.98, current_side: 25.53, side_transition: True, crossing_result: True, direction: A_TO_B
2026-08-29 09:49:49 [INFO] uvh_test.counter: SAFETY NET REJECTION: Rejecting tid=2395 as duplicate of class LCV, prev_tid=2394, dist=51.0px, thresh=150.0px, bbox_size=458.7x384.3
2026-08-29 09:49:49 [DEBUG] uvh_test.main: frame=51104 COUNTED track_id=2394 class=LCV
2026-08-29 09:49:49 [DEBUG] uvh_test.counter: track_id: 2393, frame: 51107, previous_bottom_center: (1658.31201171875, 739.4385), current_bottom_center: (1687.84716796875, 739.8992), previous_side: -17.90, current_side: 1.83, side_transition: True, crossing_result: True, direction: A_TO_B
2026-08-29 09:49:49 [INFO] uvh_test.counter: SAFETY NET REJECTION: Rejecting tid=2393 as duplicate of class LCV, prev_tid=2394, dist=90.2px, thresh=150.0px, bbox_size=458.4x384.3
2026-08-29 09:49:49 [DEBUG] uvh_test.counter: track_id: 2397, frame: 51107, previous_bottom_center: (1605.203369140625, 695.9716), current_bottom_center: (1642.15478515625, 695.864), previous_side: -22.09, current_side: 3.10, side_transition: True, crossing_result: True, direction: A_TO_B
2026-08-29 09:49:49 [INFO] uvh_test.counter: SAFETY NET REJECTION: Rejecting tid=2397 as duplicate of class LCV, prev_tid=2394, dist=28.4px, thresh=150.0px, bbox_size=459.1x384.5
2026-08-29 09:49:53 [DEBUG] uvh_test.counter: track_id: 2401, frame: 51239, previous_bottom_center: (1326.69677734375, 428.1279), current_bottom_center: (1366.176025390625, 418.32263), previous_side: -14.76, current_side: 19.25, side_transition: True, crossing_result: True, direction: A_TO_B
2026-08-29 09:49:53 [DEBUG] uvh_test.main: frame=51239 COUNTED track_id=2401 class=Two-wheeler
2026-08-29 09:49:53 [DEBUG] uvh_test.counter: track_id: 2406, frame: 51252, previous_bottom_center: (1390.720947265625, 480.39502), current_bottom_center: (1423.400634765625, 468.73666), previous_side: -9.62, current_side: 21.14, side_transition: True, crossing_result: True, direction: A_TO_B
2026-08-29 09:49:53 [INFO] uvh_test.counter: SAFETY NET REJECTION: Rejecting tid=2406 as duplicate of class Two-wheeler, prev_tid=2401, dist=76.3px, thresh=150.0px, bbox_size=173.1x158.1
2026-08-29 09:49:56 [DEBUG] uvh_test.counter: track_id: 2417, frame: 51348, previous_bottom_center: (1320.4378662109375, 407.9928), current_bottom_center: (1346.8203125, 402.7189), previous_side: -4.24, current_side: 17.55, side_transition: True, crossing_result: True, direction: A_TO_B
2026-08-29 09:49:56 [INFO] uvh_test.counter: SAFETY NET REJECTION: Rejecting tid=2417 as duplicate of class Two-wheeler, prev_tid=2401, dist=24.9px, thresh=150.0px, bbox_size=159.6x119.3
2026-08-29 09:50:03 [DEBUG] uvh_test.counter: track_id: 2426, frame: 51583, previous_bottom_center: (1336.68115234375, 426.2086), current_bottom_center: (1361.09375, 418.7764), previous_side: -6.57, current_side: 15.47, side_transition: True, crossing_result: True, direction: A_TO_B
2026-08-29 09:50:03 [DEBUG] uvh_test.main: frame=51583 COUNTED track_id=2426 class=Three-wheeler
2026-08-29 09:50:06 [DEBUG] uvh_test.counter: track_id: 2436, frame: 51685, previous_bottom_center: (1400.203857421875, 502.79572), current_bottom_center: (1435.775146484375, 487.61325), previous_side: -19.61, current_side: 15.69, side_transition: True, crossing_result: True, direction: A_TO_B
2026-08-29 09:50:06 [DEBUG] uvh_test.main: frame=51685 COUNTED track_id=2436 class=Sedan
2026-08-29 09:50:09 [DEBUG] uvh_test.counter: track_id: 2439, frame: 51798, previous_bottom_center: (1605.8248291015625, 686.9101), current_bottom_center: (1640.282958984375, 640.9112), previous_side: -15.02, current_side: 42.15, side_transition: True, crossing_result: True, direction: A_TO_B
2026-08-29 09:50:09 [DEBUG] uvh_test.main: frame=51798 COUNTED track_id=2439 class=Hatchback
2026-08-29 09:50:13 [DEBUG] uvh_test.counter: track_id: 2447, frame: 51928, previous_bottom_center: (1330.48583984375, 420.07242), current_bottom_center: (1356.2034912109375, 414.18756), previous_side: -6.28, current_side: 15.51, side_transition: True, crossing_result: True, direction: A_TO_B
2026-08-29 09:50:13 [DEBUG] uvh_test.main: frame=51928 COUNTED track_id=2447 class=LCV
2026-08-29 09:50:19 [DEBUG] uvh_test.counter: track_id: 2449, frame: 52122, previous_bottom_center: (1284.123779296875, 390.85257), current_bottom_center: (1306.6925048828125, 386.2854), previous_side: -16.34, current_side: 2.35, side_transition: True, crossing_result: True, direction: A_TO_B
2026-08-29 09:50:19 [DEBUG] uvh_test.main: frame=52122 COUNTED track_id=2449 class=Two-wheeler
2026-08-29 09:50:28 [DEBUG] uvh_test.counter: track_id: 2450, frame: 52422, previous_bottom_center: (1314.14599609375, 419.6339), current_bottom_center: (1347.76416015625, 412.2751), previous_side: -17.06, current_side: 11.18, side_transition: True, crossing_result: True, direction: A_TO_B
2026-08-29 09:50:28 [DEBUG] uvh_test.main: frame=52422 COUNTED track_id=2450 class=Two-wheeler
2026-08-29 09:50:34 [DEBUG] uvh_test.counter: track_id: 2452, frame: 52623, previous_bottom_center: (1581.33642578125, 706.95386), current_bottom_center: (1618.32470703125, 677.3607), previous_side: -46.36, current_side: 0.48, side_transition: True, crossing_result: True, direction: A_TO_B
2026-08-29 09:50:34 [DEBUG] uvh_test.main: frame=52623 COUNTED track_id=2452 class=Two-wheeler
2026-08-29 09:50:37 [DEBUG] uvh_test.counter: track_id: 2454, frame: 52757, previous_bottom_center: (1303.44677734375, 399.11578), current_bottom_center: (1327.5845947265625, 393.95706), previous_side: -9.27, current_side: 10.91, side_transition: True, crossing_result: True, direction: A_TO_B
2026-08-29 09:50:37 [DEBUG] uvh_test.main: frame=52757 COUNTED track_id=2454 class=Two-wheeler
2026-08-29 09:50:38 [DEBUG] uvh_test.counter: track_id: 2457, frame: 52786, previous_bottom_center: (1343.37451171875, 431.40894), current_bottom_center: (1369.80859375, 423.59314), previous_side: -5.84, current_side: 17.85, side_transition: True, crossing_result: True, direction: A_TO_B
2026-08-29 09:50:38 [DEBUG] uvh_test.main: frame=52786 COUNTED track_id=2457 class=SUV
2026-08-29 09:50:40 [DEBUG] uvh_test.counter: track_id: 2455, frame: 52865, previous_bottom_center: (1299.6019287109375, 385.7997), current_bottom_center: (1323.6954345703125, 382.02188), previous_side: -2.11, current_side: 17.03, side_transition: True, crossing_result: True, direction: A_TO_B
2026-08-29 09:50:40 [INFO] uvh_test.counter: SAFETY NET REJECTION: Rejecting tid=2455 as duplicate of class Two-wheeler, prev_tid=2454, dist=12.6px, thresh=150.0px, bbox_size=131.8x108.2
2026-08-29 09:50:44 [DEBUG] uvh_test.counter: track_id: 2472, frame: 53002, previous_bottom_center: (1547.549560546875, 791.80164), current_bottom_center: (1600.277587890625, 658.7017), previous_side: -131.58, current_side: 1.91, side_transition: True, crossing_result: True, direction: A_TO_B
2026-08-29 09:50:44 [DEBUG] uvh_test.main: frame=53002 COUNTED track_id=2472 class=SUV
2026-08-29 09:50:44 [DEBUG] uvh_test.counter: track_id: 2471, frame: 53003, previous_bottom_center: (1622.802734375, 706.36444), current_bottom_center: (1661.099609375, 694.6939), previous_side: -17.76, current_side: 16.82, side_transition: True, crossing_result: True, direction: A_TO_B
2026-08-29 09:50:44 [INFO] uvh_test.counter: SAFETY NET REJECTION: Rejecting tid=2471 as duplicate of class SUV, prev_tid=2472, dist=70.7px, thresh=150.0px, bbox_size=458.8x384.3
2026-08-29 09:50:44 [DEBUG] uvh_test.counter: track_id: 2469, frame: 53006, previous_bottom_center: (1320.1053466796875, 438.72415), current_bottom_center: (1350.7783203125, 430.2366), previous_side: -27.02, current_side: 0.05, side_transition: True, crossing_result: True, direction: A_TO_B
2026-08-29 09:50:44 [DEBUG] uvh_test.main: frame=53006 COUNTED track_id=2469 class=Two-wheeler
2026-08-29 09:50:50 [DEBUG] uvh_test.counter: track_id: 2477, frame: 53268, previous_bottom_center: (1292.595703125, 401.01254), current_bottom_center: (1318.6513671875, 395.51273), previous_side: -18.04, current_side: 3.70, side_transition: True, crossing_result: True, direction: A_TO_B
2026-08-29 09:50:50 [DEBUG] uvh_test.main: frame=53268 COUNTED track_id=2477 class=LCV
2026-08-29 09:50:53 [DEBUG] uvh_test.counter: track_id: 2484, frame: 53362, previous_bottom_center: (1619.9107666015625, 689.5349), current_bottom_center: (1671.7496337890625, 646.6008), previous_side: -7.37, current_side: 59.35, side_transition: True, crossing_result: True, direction: A_TO_B
2026-08-29 09:50:53 [DEBUG] uvh_test.main: frame=53362 COUNTED track_id=2484 class=Two-wheeler
2026-08-29 09:50:54 [DEBUG] uvh_test.counter: track_id: 2495, frame: 53413, previous_bottom_center: (1371.19775390625, 465.89877), current_bottom_center: (1398.208251953125, 453.7763), previous_side: -12.25, current_side: 15.00, side_transition: True, crossing_result: True, direction: A_TO_B
2026-08-29 09:50:54 [DEBUG] uvh_test.main: frame=53413 COUNTED track_id=2495 class=MUV
2026-08-29 09:50:59 [DEBUG] uvh_test.counter: track_id: 2503, frame: 53616, previous_bottom_center: (1332.5841064453125, 436.6802), current_bottom_center: (1357.85546875, 425.24185), previous_side: -17.04, current_side: 8.52, side_transition: True, crossing_result: True, direction: A_TO_B
2026-08-29 09:50:59 [DEBUG] uvh_test.main: frame=53616 COUNTED track_id=2503 class=LCV
2026-08-29 09:51:01 [DEBUG] uvh_test.counter: track_id: 2513, frame: 53667, previous_bottom_center: (1323.3729248046875, 430.15073), current_bottom_center: (1352.8720703125, 421.9764), previous_side: -18.51, current_side: 7.53, side_transition: True, crossing_result: True, direction: A_TO_B
2026-08-29 09:51:01 [DEBUG] uvh_test.main: frame=53667 COUNTED track_id=2513 class=Two-wheeler
2026-08-29 09:51:14 [DEBUG] uvh_test.counter: track_id: 2521, frame: 54236, previous_bottom_center: (1373.72607421875, 478.15988), current_bottom_center: (1400.103759765625, 462.48077), previous_side: -19.53, current_side: 9.90, side_transition: True, crossing_result: True, direction: A_TO_B
2026-08-29 09:51:14 [DEBUG] uvh_test.main: frame=54236 COUNTED track_id=2521 class=Sedan
2026-08-29 09:51:16 [DEBUG] uvh_test.counter: track_id: 2517, frame: 54323, previous_bottom_center: (1363.372314453125, 457.62494), current_bottom_center: (1395.934326171875, 448.6569), previous_side: -11.49, current_side: 17.21, side_transition: True, crossing_result: True, direction: A_TO_B
2026-08-29 09:51:16 [DEBUG] uvh_test.main: frame=54323 COUNTED track_id=2517 class=Two-wheeler
2026-08-29 09:51:17 [DEBUG] uvh_test.counter: track_id: 2522, frame: 54345, previous_bottom_center: (1350.396240234375, 433.30594), current_bottom_center: (1379.2998046875, 426.28156), previous_side: -2.46, current_side: 22.33, side_transition: True, crossing_result: True, direction: A_TO_B
2026-08-29 09:51:17 [INFO] uvh_test.counter: SAFETY NET REJECTION: Rejecting tid=2522 as duplicate of class Two-wheeler, prev_tid=2517, dist=27.9px, thresh=150.0px, bbox_size=159.0x143.5
2026-08-29 09:51:18 [DEBUG] uvh_test.counter: track_id: 2533, frame: 54384, previous_bottom_center: (1279.580810546875, 397.89407), current_bottom_center: (1314.36279296875, 390.7026), previous_side: -24.59, current_side: 4.32, side_transition: True, crossing_result: True, direction: A_TO_B
2026-08-29 09:51:18 [INFO] uvh_test.counter: SAFETY NET REJECTION: Rejecting tid=2533 as duplicate of class Two-wheeler, prev_tid=2517, dist=100.1px, thresh=150.0px, bbox_size=119.8x113.5
2026-08-29 09:51:20 [DEBUG] uvh_test.counter: track_id: 2534, frame: 54463, previous_bottom_center: (1295.1029052734375, 410.73175), current_bottom_center: (1323.855712890625, 404.98837), previous_side: -23.46, current_side: 0.28, side_transition: True, crossing_result: True, direction: A_TO_B
2026-08-29 09:51:20 [INFO] uvh_test.counter: SAFETY NET REJECTION: Rejecting tid=2534 as duplicate of class Two-wheeler, prev_tid=2517, dist=84.3px, thresh=150.0px, bbox_size=127.3x120.5
2026-08-29 09:51:21 [DEBUG] uvh_test.counter: track_id: 2541, frame: 54500, previous_bottom_center: (1542.190673828125, 617.1481), current_bottom_center: (1597.845703125, 584.1974), previous_side: -7.06, current_side: 54.93, side_transition: True, crossing_result: True, direction: A_TO_B
2026-08-29 09:51:21 [DEBUG] uvh_test.main: frame=54500 COUNTED track_id=2541 class=Two-wheeler
2026-08-29 09:51:22 [DEBUG] uvh_test.counter: track_id: 2543, frame: 54543, previous_bottom_center: (1347.959716796875, 470.28366), current_bottom_center: (1381.05810546875, 453.01086), previous_side: -31.25, current_side: 3.91, side_transition: True, crossing_result: True, direction: A_TO_B
2026-08-29 09:51:22 [DEBUG] uvh_test.main: frame=54543 COUNTED track_id=2543 class=Sedan
2026-08-29 09:51:23 [DEBUG] uvh_test.counter: track_id: 2551, frame: 54576, previous_bottom_center: (1291.6484375, 387.6327), current_bottom_center: (1322.816650390625, 381.52368), previous_side: -8.86, current_side: 16.80, side_transition: True, crossing_result: True, direction: A_TO_B
2026-08-29 09:51:23 [DEBUG] uvh_test.main: frame=54576 COUNTED track_id=2551 class=Two-wheeler
2026-08-29 09:51:31 [DEBUG] uvh_test.counter: track_id: 2556, frame: 54918, previous_bottom_center: (1416.222900390625, 492.17627), current_bottom_center: (1459.515380859375, 475.89606), previous_side: -0.94, current_side: 40.42, side_transition: True, crossing_result: True, direction: A_TO_B
2026-08-29 09:51:31 [DEBUG] uvh_test.main: frame=54918 COUNTED track_id=2556 class=Two-wheeler
2026-08-29 09:51:31 [DEBUG] uvh_test.counter: track_id: 2561, frame: 54931, previous_bottom_center: (1346.322998046875, 427.62952), current_bottom_center: (1376.423095703125, 418.60013), previous_side: -1.07, current_side: 26.01, side_transition: True, crossing_result: True, direction: A_TO_B
2026-08-29 09:51:31 [DEBUG] uvh_test.main: frame=54931 COUNTED track_id=2561 class=Three-wheeler
2026-08-29 09:51:39 [DEBUG] uvh_test.counter: track_id: 2562, frame: 55120, previous_bottom_center: (1282.11083984375, 389.18152), current_bottom_center: (1311.67333984375, 383.48544), previous_side: -16.48, current_side: 7.79, side_transition: True, crossing_result: True, direction: A_TO_B
2026-08-29 09:51:39 [DEBUG] uvh_test.main: frame=55120 COUNTED track_id=2562 class=Two-wheeler
2026-08-29 09:51:45 [DEBUG] uvh_test.counter: track_id: 2564, frame: 55251, previous_bottom_center: (1290.7471923828125, 408.25473), current_bottom_center: (1322.421875, 401.1869), previous_side: -24.61, current_side: 2.10, side_transition: True, crossing_result: True, direction: A_TO_B
2026-08-29 09:51:45 [DEBUG] uvh_test.main: frame=55251 COUNTED track_id=2564 class=Three-wheeler
2026-08-29 09:51:50 [DEBUG] uvh_test.counter: track_id: 2570, frame: 55380, previous_bottom_center: (1338.0797119140625, 457.92984), current_bottom_center: (1380.6513671875, 446.035), previous_side: -28.90, current_side: 8.75, side_transition: True, crossing_result: True, direction: A_TO_B
2026-08-29 09:51:50 [DEBUG] uvh_test.main: frame=55380 COUNTED track_id=2570 class=Two-wheeler
2026-08-29 09:51:52 [DEBUG] uvh_test.counter: track_id: 2571, frame: 55396, previous_bottom_center: (1309.360595703125, 397.35492), current_bottom_center: (1339.2490234375, 391.63055), previous_side: -3.96, current_side: 20.54, side_transition: True, crossing_result: True, direction: A_TO_B
2026-08-29 09:51:52 [INFO] uvh_test.counter: SAFETY NET REJECTION: Rejecting tid=2571 as duplicate of class Two-wheeler, prev_tid=2570, dist=68.4px, thresh=150.0px, bbox_size=120.9x113.6
2026-08-29 09:52:00 [DEBUG] uvh_test.counter: track_id: 2572, frame: 55576, previous_bottom_center: (1325.080810546875, 433.10425), current_bottom_center: (1351.4149169921875, 426.70453), previous_side: -19.51, current_side: 3.07, side_transition: True, crossing_result: True, direction: A_TO_B
2026-08-29 09:52:00 [DEBUG] uvh_test.main: frame=55576 COUNTED track_id=2572 class=Two-wheeler
2026-08-29 09:52:04 [DEBUG] uvh_test.counter: track_id: 2573, frame: 55637, previous_bottom_center: (1308.2496337890625, 394.62436), current_bottom_center: (1322.543212890625, 392.02002), previous_side: -2.71, current_side: 8.91, side_transition: True, crossing_result: True, direction: A_TO_B
2026-08-29 09:52:04 [INFO] uvh_test.counter: SAFETY NET REJECTION: Rejecting tid=2573 as duplicate of class Two-wheeler, prev_tid=2572, dist=45.1px, thresh=150.0px, bbox_size=136.6x113.6
2026-08-29 09:52:06 [DEBUG] uvh_test.counter: track_id: 2577, frame: 55679, previous_bottom_center: (1388.1038818359375, 540.63214), current_bottom_center: (1452.60986328125, 516.0231), previous_side: -55.60, current_side: 6.28, side_transition: True, crossing_result: True, direction: A_TO_B
2026-08-29 09:52:06 [INFO] uvh_test.counter: SAFETY NET REJECTION: Rejecting tid=2577 as duplicate of class Two-wheeler, prev_tid=2572, dist=135.0px, thresh=150.0px, bbox_size=203.9x177.9
2026-08-29 09:52:12 [DEBUG] uvh_test.counter: track_id: 2581, frame: 55777, previous_bottom_center: (1325.9119873046875, 424.55136), current_bottom_center: (1352.413330078125, 417.72333), previous_side: -12.67, current_side: 10.34, side_transition: True, crossing_result: True, direction: A_TO_B
2026-08-29 09:52:12 [DEBUG] uvh_test.main: frame=55777 COUNTED track_id=2581 class=Two-wheeler
2026-08-29 09:52:16 [DEBUG] uvh_test.counter: track_id: 2584, frame: 55842, previous_bottom_center: (1321.272705078125, 409.64032), current_bottom_center: (1336.531982421875, 406.57623), previous_side: -4.88, current_side: 7.73, side_transition: True, crossing_result: True, direction: A_TO_B
2026-08-29 09:52:16 [DEBUG] uvh_test.main: frame=55842 COUNTED track_id=2584 class=Three-wheeler
2026-08-29 09:52:18 [DEBUG] uvh_test.counter: track_id: 2590, frame: 55914, previous_bottom_center: (1606.457763671875, 752.3616), current_bottom_center: (1625.0556640625, 625.01434), previous_side: -62.61, current_side: 43.47, side_transition: True, crossing_result: True, direction: A_TO_B
2026-08-29 09:52:18 [DEBUG] uvh_test.main: frame=55914 COUNTED track_id=2590 class=tempo-traveller
2026-08-29 09:52:21 [DEBUG] uvh_test.counter: track_id: 2605, frame: 56008, previous_bottom_center: (1596.80029296875, 695.17755), current_bottom_center: (1642.8260498046875, 623.9778), previous_side: -27.21, current_side: 56.30, side_transition: True, crossing_result: True, direction: A_TO_B
2026-08-29 09:52:22 [DEBUG] uvh_test.counter: track_id: 2606, frame: 56008, previous_bottom_center: (1620.8453369140625, 742.37384), current_bottom_center: (1655.253173828125, 703.5268), previous_side: -45.51, current_side: 6.37, side_transition: True, crossing_result: True, direction: A_TO_B
2026-08-29 09:52:22 [INFO] uvh_test.counter: SAFETY NET REJECTION: Rejecting tid=2606 as duplicate of class Truck, prev_tid=2605, dist=80.5px, thresh=300.0px, bbox_size=458.9x384.3
2026-08-29 09:52:22 [DEBUG] uvh_test.counter: track_id: 2607, frame: 56008, previous_bottom_center: (1546.127685546875, 650.03375), current_bottom_center: (1595.858154296875, 647.50684), previous_side: -28.52, current_side: 7.13, side_transition: True, crossing_result: True, direction: A_TO_B
2026-08-29 09:52:22 [INFO] uvh_test.counter: SAFETY NET REJECTION: Rejecting tid=2607 as duplicate of class Truck, prev_tid=2605, dist=52.5px, thresh=300.0px, bbox_size=458.8x384.4
2026-08-29 09:52:22 [DEBUG] uvh_test.main: frame=56008 COUNTED track_id=2605 class=Truck
2026-08-29 09:52:22 [DEBUG] uvh_test.counter: track_id: 2604, frame: 56013, previous_bottom_center: (1499.173583984375, 691.61145), current_bottom_center: (1723.6658935546875, 526.80176), previous_side: -90.92, current_side: 182.53, side_transition: True, crossing_result: True, direction: A_TO_B
2026-08-29 09:52:22 [INFO] uvh_test.counter: SAFETY NET REJECTION: Rejecting tid=2604 as duplicate of class Truck, prev_tid=2605, dist=126.4px, thresh=221.6px, bbox_size=295.5x242.5
2026-08-29 09:52:24 [DEBUG] uvh_test.counter: track_id: 2611, frame: 56094, previous_bottom_center: (1514.301513671875, 743.03876), current_bottom_center: (1599.388671875, 654.1622), previous_side: -118.38, current_side: 4.64, side_transition: True, crossing_result: True, direction: A_TO_B
2026-08-29 09:52:24 [DEBUG] uvh_test.main: frame=56094 COUNTED track_id=2611 class=SUV
2026-08-29 09:52:24 [DEBUG] uvh_test.counter: track_id: 2614, frame: 56096, previous_bottom_center: (1597.9449462890625, 690.55505), current_bottom_center: (1669.26611328125, 584.9696), previous_side: -23.04, current_side: 102.89, side_transition: True, crossing_result: True, direction: A_TO_B
2026-08-29 09:52:24 [DEBUG] uvh_test.main: frame=56096 COUNTED track_id=2614 class=MUV
2026-08-29 09:52:27 [DEBUG] uvh_test.counter: track_id: 2616, frame: 56228, previous_bottom_center: (1326.0023193359375, 414.57858), current_bottom_center: (1353.8853759765625, 407.75058), previous_side: -5.29, current_side: 18.66, side_transition: True, crossing_result: True, direction: A_TO_B
2026-08-29 09:52:27 [DEBUG] uvh_test.main: frame=56228 COUNTED track_id=2616 class=Two-wheeler
2026-08-29 09:52:28 [DEBUG] uvh_test.counter: track_id: 2617, frame: 56246, previous_bottom_center: (1273.9178466796875, 379.28787), current_bottom_center: (1297.632568359375, 374.41364), previous_side: -14.78, current_side: 4.90, side_transition: True, crossing_result: True, direction: A_TO_B
2026-08-29 09:52:28 [INFO] uvh_test.counter: SAFETY NET REJECTION: Rejecting tid=2617 as duplicate of class Two-wheeler, prev_tid=2616, dist=65.4px, thresh=150.0px, bbox_size=129.9x105.8
2026-08-29 09:52:29 [DEBUG] uvh_test.counter: track_id: 2627, frame: 56272, previous_bottom_center: (1366.984130859375, 599.6958), current_bottom_center: (1400.954345703125, 467.7734), previous_side: -113.29, current_side: 6.59, side_transition: True, crossing_result: True, direction: A_TO_B
2026-08-29 09:52:29 [DEBUG] uvh_test.main: frame=56272 COUNTED track_id=2627 class=LCV
2026-08-29 09:52:29 [INFO] uvh_test.counter: SAFETY NET MERGE: Merging current tid=2625 into lost_tid=2621, dist=56.3px
2026-08-29 09:52:29 [INFO] uvh_test.counter: SAFETY NET REJECTION (MERGE PATH): Rejecting tid=2625 as duplicate of class LCV, prev_tid=2627, dist=109.0px, thresh=150.0px
2026-08-29 09:52:30 [DEBUG] uvh_test.counter: track_id: 2628, frame: 56285, previous_bottom_center: (1416.003173828125, 498.91684), current_bottom_center: (1461.524658203125, 484.31918), previous_side: -6.03, current_side: 35.60, side_transition: True, crossing_result: True, direction: A_TO_B
2026-08-29 09:52:30 [INFO] uvh_test.counter: SAFETY NET REJECTION: Rejecting tid=2628 as duplicate of class Two-wheeler, prev_tid=2616, dist=132.1px, thresh=150.0px, bbox_size=163.4x160.4
2026-08-29 09:52:34 [DEBUG] uvh_test.counter: track_id: 2630, frame: 56448, previous_bottom_center: (1295.510498046875, 414.7636), current_bottom_center: (1327.999267578125, 407.79822), previous_side: -26.15, current_side: 1.04, side_transition: True, crossing_result: True, direction: A_TO_B
2026-08-29 09:52:34 [DEBUG] uvh_test.main: frame=56448 COUNTED track_id=2630 class=Two-wheeler
2026-08-29 09:52:36 [DEBUG] uvh_test.counter: track_id: 2632, frame: 56510, previous_bottom_center: (1406.69970703125, 554.7242), current_bottom_center: (1466.79736328125, 531.8054), previous_side: -53.31, current_side: 4.34, side_transition: True, crossing_result: True, direction: A_TO_B
2026-08-29 09:52:36 [DEBUG] uvh_test.main: frame=56510 COUNTED track_id=2632 class=Two-wheeler
2026-08-29 09:52:37 [DEBUG] uvh_test.counter: track_id: 2635, frame: 56539, previous_bottom_center: (1286.3157958984375, 396.10083), current_bottom_center: (1312.1180419921875, 390.67807), previous_side: -18.70, current_side: 2.81, side_transition: True, crossing_result: True, direction: A_TO_B
2026-08-29 09:52:37 [INFO] uvh_test.counter: SAFETY NET REJECTION: Rejecting tid=2635 as duplicate of class Two-wheeler, prev_tid=2630, dist=23.4px, thresh=150.0px, bbox_size=127.6x111.1
2026-08-29 09:52:40 [DEBUG] uvh_test.counter: track_id: 2639, frame: 56693, previous_bottom_center: (1171.895751953125, 417.7373), current_bottom_center: (1335.142822265625, 383.7429), previous_side: -112.31, current_side: 23.54, side_transition: True, crossing_result: True, direction: A_TO_B
2026-08-29 09:52:40 [DEBUG] uvh_test.main: frame=56693 COUNTED track_id=2639 class=tempo-traveller
2026-08-29 09:52:44 [DEBUG] uvh_test.counter: track_id: 2642, frame: 56829, previous_bottom_center: (1358.84765625, 468.81616), current_bottom_center: (1393.6253662109375, 456.51642), previous_side: -22.78, current_side: 9.88, side_transition: True, crossing_result: True, direction: A_TO_B
2026-08-29 09:52:44 [DEBUG] uvh_test.main: frame=56829 COUNTED track_id=2642 class=Two-wheeler
2026-08-29 09:52:47 [DEBUG] uvh_test.counter: track_id: 2643, frame: 56970, previous_bottom_center: (1316.89111328125, 411.68594), current_bottom_center: (1333.758544921875, 407.58743), previous_side: -9.36, current_side: 5.11, side_transition: True, crossing_result: True, direction: A_TO_B
2026-08-29 09:52:47 [INFO] uvh_test.counter: SAFETY NET REJECTION: Rejecting tid=2643 as duplicate of class Two-wheeler, prev_tid=2642, dist=77.3px, thresh=150.0px, bbox_size=129.7x124.8
2026-08-29 09:52:49 [DEBUG] uvh_test.counter: track_id: 2645, frame: 57036, previous_bottom_center: (1355.58740234375, 489.46875), current_bottom_center: (1396.081787109375, 467.6996), previous_side: -40.15, current_side: 3.34, side_transition: True, crossing_result: True, direction: A_TO_B
2026-08-29 09:52:49 [DEBUG] uvh_test.main: frame=57036 COUNTED track_id=2645 class=Sedan
2026-08-29 09:52:51 [DEBUG] uvh_test.counter: track_id: 2652, frame: 57095, previous_bottom_center: (1285.5340576171875, 373.9686), current_bottom_center: (1312.1556396484375, 369.19415), previous_side: -2.99, current_side: 18.60, side_transition: True, crossing_result: True, direction: A_TO_B
2026-08-29 09:52:51 [DEBUG] uvh_test.main: frame=57095 COUNTED track_id=2652 class=Two-wheeler
2026-08-29 09:52:52 [DEBUG] uvh_test.counter: track_id: 2662, frame: 57128, previous_bottom_center: (1378.5810546875, 495.6963), current_bottom_center: (1425.7744140625, 477.13876), previous_side: -29.10, current_side: 16.58, side_transition: True, crossing_result: True, direction: A_TO_B
2026-08-29 09:52:52 [DEBUG] uvh_test.main: frame=57128 COUNTED track_id=2662 class=SUV
2026-08-29 09:52:53 [DEBUG] uvh_test.counter: track_id: 2666, frame: 57163, previous_bottom_center: (1325.732421875, 446.8171), current_bottom_center: (1371.40283203125, 433.902), previous_side: -29.13, current_side: 11.37, side_transition: True, crossing_result: True, direction: A_TO_B
2026-08-29 09:52:53 [INFO] uvh_test.counter: SAFETY NET REJECTION: Rejecting tid=2666 as duplicate of class Two-wheeler, prev_tid=2652, dist=87.7px, thresh=150.0px, bbox_size=132.1x144.5
2026-08-29 09:52:54 [DEBUG] uvh_test.counter: track_id: 2668, frame: 57196, previous_bottom_center: (1295.7227783203125, 405.6478), current_bottom_center: (1319.330078125, 400.3414), previous_side: -19.31, current_side: 0.62, side_transition: True, crossing_result: True, direction: A_TO_B
2026-08-29 09:52:54 [INFO] uvh_test.counter: SAFETY NET REJECTION: Rejecting tid=2668 as duplicate of class Two-wheeler, prev_tid=2652, dist=32.0px, thresh=150.0px, bbox_size=148.8x116.8
2026-08-29 09:52:54 [DEBUG] uvh_test.counter: track_id: 2673, frame: 57218, previous_bottom_center: (1617.945556640625, 705.4244), current_bottom_center: (1654.363525390625, 675.21783), previous_side: -20.37, current_side: 26.54, side_transition: True, crossing_result: True, direction: A_TO_B
2026-08-29 09:52:54 [DEBUG] uvh_test.main: frame=57218 COUNTED track_id=2673 class=Two-wheeler
2026-08-29 09:52:57 [DEBUG] uvh_test.counter: track_id: 2683, frame: 57284, previous_bottom_center: (1366.366943359375, 480.5988), current_bottom_center: (1406.04052734375, 467.7938), previous_side: -26.32, current_side: 10.03, side_transition: True, crossing_result: True, direction: A_TO_B
2026-08-29 09:52:57 [DEBUG] uvh_test.main: frame=57284 COUNTED track_id=2683 class=Hatchback
2026-08-29 09:52:57 [DEBUG] uvh_test.counter: track_id: 2685, frame: 57309, previous_bottom_center: (1337.18310546875, 419.69812), current_bottom_center: (1368.919677734375, 412.30417), previous_side: -1.45, current_side: 25.53, side_transition: True, crossing_result: True, direction: A_TO_B
2026-08-29 09:52:57 [DEBUG] uvh_test.main: frame=57309 COUNTED track_id=2685 class=Two-wheeler
2026-08-29 09:52:58 [DEBUG] uvh_test.counter: track_id: 2686, frame: 57328, previous_bottom_center: (1521.1162109375, 685.6991), current_bottom_center: (1584.95166015625, 642.13086), previous_side: -71.68, current_side: 3.66, side_transition: True, crossing_result: True, direction: A_TO_B
2026-08-29 09:52:58 [DEBUG] uvh_test.main: frame=57328 COUNTED track_id=2686 class=Hatchback
2026-08-29 09:52:59 [DEBUG] uvh_test.counter: track_id: 2695, frame: 57372, previous_bottom_center: (1582.0343017578125, 664.4138), current_bottom_center: (1616.533203125, 639.5315), previous_side: -14.67, current_side: 27.02, side_transition: True, crossing_result: True, direction: A_TO_B
2026-08-29 09:52:59 [DEBUG] uvh_test.main: frame=57372 COUNTED track_id=2695 class=Two-wheeler
2026-08-29 09:53:00 [DEBUG] uvh_test.counter: track_id: 2694, frame: 57394, previous_bottom_center: (1306.1793212890625, 391.09464), current_bottom_center: (1329.875244140625, 385.65527), previous_side: -1.53, current_side: 18.56, side_transition: True, crossing_result: True, direction: A_TO_B
2026-08-29 09:53:00 [INFO] uvh_test.counter: SAFETY NET REJECTION: Rejecting tid=2694 as duplicate of class Two-wheeler, prev_tid=2685, dist=47.3px, thresh=150.0px, bbox_size=125.3x108.5
2026-08-29 09:53:02 [DEBUG] uvh_test.counter: track_id: 2696, frame: 57487, previous_bottom_center: (1289.130859375, 380.808), current_bottom_center: (1305.415283203125, 378.0445), previous_side: -5.56, current_side: 7.53, side_transition: True, crossing_result: True, direction: A_TO_B
2026-08-29 09:53:02 [DEBUG] uvh_test.main: frame=57487 COUNTED track_id=2696 class=Two-wheeler
2026-08-29 09:53:06 [DEBUG] uvh_test.counter: track_id: 2700, frame: 57648, previous_bottom_center: (1597.1932373046875, 716.9879), current_bottom_center: (1650.43701171875, 693.67053), previous_side: -42.95, current_side: 10.33, side_transition: True, crossing_result: True, direction: A_TO_B
2026-08-29 09:53:06 [DEBUG] uvh_test.main: frame=57648 COUNTED track_id=2700 class=SUV
2026-08-29 09:53:06 [DEBUG] uvh_test.counter: track_id: 2701, frame: 57649, previous_bottom_center: (1603.28759765625, 670.8631), current_bottom_center: (1653.150390625, 682.1418), previous_side: -4.97, current_side: 20.63, side_transition: True, crossing_result: True, direction: A_TO_B
2026-08-29 09:53:06 [INFO] uvh_test.counter: SAFETY NET REJECTION: Rejecting tid=2701 as duplicate of class SUV, prev_tid=2700, dist=11.8px, thresh=150.0px, bbox_size=458.9x384.3
2026-08-29 09:53:07 [DEBUG] uvh_test.counter: track_id: 2699, frame: 57668, previous_bottom_center: (1271.3282470703125, 385.35385), current_bottom_center: (1297.81298828125, 380.64355), previous_side: -20.99, current_side: 0.46, side_transition: True, crossing_result: True, direction: A_TO_B
2026-08-29 09:53:07 [DEBUG] uvh_test.main: frame=57668 COUNTED track_id=2699 class=Two-wheeler
[h264 @ 0x5624b3b4a600] error while decoding MB 47 56, bytestream -36
[h264 @ 0x5624b3b4a600] Frame num change from 4 to 5
[h264 @ 0x5624b3b4a600] decode_slice_header error
[h264 @ 0x5624b3a28280] Frame num change from 6 to 9
[h264 @ 0x5624b3a28280] decode_slice_header error
2026-08-29 09:53:11 [DEBUG] uvh_test.counter: track_id: 2711, frame: 57838, previous_bottom_center: (1595.4930419921875, 695.7923), current_bottom_center: (1639.904541015625, 695.7741), previous_side: -28.55, current_side: 1.63, side_transition: True, crossing_result: True, direction: A_TO_B
2026-08-29 09:53:11 [DEBUG] uvh_test.main: frame=57838 COUNTED track_id=2711 class=Truck
2026-08-29 09:53:11 [DEBUG] uvh_test.counter: track_id: 2707, frame: 57840, previous_bottom_center: (1663.2132568359375, 757.83105), current_bottom_center: (1693.6661376953125, 712.6219), previous_side: -28.07, current_side: 25.79, side_transition: True, crossing_result: True, direction: A_TO_B
2026-08-29 09:53:11 [INFO] uvh_test.counter: SAFETY NET REJECTION: Rejecting tid=2707 as duplicate of class Truck, prev_tid=2711, dist=56.3px, thresh=300.0px, bbox_size=452.7x384.3
2026-08-29 09:53:11 [DEBUG] uvh_test.counter: track_id: 2708, frame: 57841, previous_bottom_center: (1562.3875732421875, 743.0762), current_bottom_center: (1626.016357421875, 676.5728), previous_side: -85.74, current_side: 6.29, side_transition: True, crossing_result: True, direction: A_TO_B
2026-08-29 09:53:11 [INFO] uvh_test.counter: SAFETY NET REJECTION: Rejecting tid=2708 as duplicate of class Truck, prev_tid=2711, dist=23.7px, thresh=300.0px, bbox_size=458.9x384.4
2026-08-29 09:53:11 [DEBUG] uvh_test.counter: track_id: 2709, frame: 57842, previous_bottom_center: (1663.221923828125, 745.8442), current_bottom_center: (1693.669921875, 741.93054), previous_side: -19.27, current_side: 4.29, side_transition: True, crossing_result: True, direction: A_TO_B
2026-08-29 09:53:11 [INFO] uvh_test.counter: SAFETY NET REJECTION: Rejecting tid=2709 as duplicate of class Truck, prev_tid=2711, dist=70.9px, thresh=300.0px, bbox_size=452.7x384.3
2026-08-29 09:53:12 [DEBUG] uvh_test.counter: track_id: 2714, frame: 57870, previous_bottom_center: (1319.514892578125, 429.40967), current_bottom_center: (1351.3748779296875, 420.93085), previous_side: -20.58, current_side: 7.28, side_transition: True, crossing_result: True, direction: A_TO_B
2026-08-29 09:53:12 [DEBUG] uvh_test.main: frame=57870 COUNTED track_id=2714 class=Two-wheeler
2026-08-29 09:53:14 [DEBUG] uvh_test.counter: track_id: 2717, frame: 57907, previous_bottom_center: (1285.837158203125, 381.73334), current_bottom_center: (1307.400634765625, 377.18753), previous_side: -8.48, current_side: 9.50, side_transition: True, crossing_result: True, direction: A_TO_B
2026-08-29 09:53:14 [INFO] uvh_test.counter: SAFETY NET REJECTION: Rejecting tid=2717 as duplicate of class Two-wheeler, prev_tid=2714, dist=62.0px, thresh=150.0px, bbox_size=133.0x109.7
2026-08-29 09:53:18 [DEBUG] uvh_test.counter: track_id: 2722, frame: 58058, previous_bottom_center: (1275.116943359375, 380.44), current_bottom_center: (1299.1943359375, 376.06198), previous_side: -14.81, current_side: 4.76, side_transition: True, crossing_result: True, direction: A_TO_B
2026-08-29 09:53:18 [DEBUG] uvh_test.main: frame=58058 COUNTED track_id=2722 class=Two-wheeler
2026-08-29 09:53:22 [DEBUG] uvh_test.counter: track_id: 2723, frame: 58226, previous_bottom_center: (1336.672607421875, 435.21832), current_bottom_center: (1381.147705078125, 423.24402), previous_side: -13.19, current_side: 25.81, side_transition: True, crossing_result: True, direction: A_TO_B
2026-08-29 09:53:22 [DEBUG] uvh_test.main: frame=58226 COUNTED track_id=2723 class=Two-wheeler
2026-08-29 09:53:23 [DEBUG] uvh_test.counter: track_id: 2725, frame: 58282, previous_bottom_center: (1293.01123046875, 376.8848), current_bottom_center: (1308.33544921875, 373.35672), previous_side: -0.05, current_side: 12.95, side_transition: True, crossing_result: True, direction: A_TO_B
2026-08-29 09:53:23 [INFO] uvh_test.counter: SAFETY NET REJECTION: Rejecting tid=2725 as duplicate of class Two-wheeler, prev_tid=2723, dist=88.3px, thresh=150.0px, bbox_size=128.4x103.5
2026-08-29 09:53:28 [DEBUG] uvh_test.counter: track_id: 2727, frame: 58512, previous_bottom_center: (1290.525390625, 392.98233), current_bottom_center: (1317.25537109375, 388.16782), previous_side: -13.55, current_side: 8.14, side_transition: True, crossing_result: True, direction: A_TO_B
2026-08-29 09:53:28 [DEBUG] uvh_test.main: frame=58512 COUNTED track_id=2727 class=Two-wheeler
2026-08-29 09:53:32 [DEBUG] uvh_test.counter: track_id: 2728, frame: 58686, previous_bottom_center: (1304.42041015625, 424.1594), current_bottom_center: (1337.6500244140625, 415.38702), previous_side: -26.99, current_side: 2.03, side_transition: True, crossing_result: True, direction: A_TO_B
2026-08-29 09:53:32 [DEBUG] uvh_test.main: frame=58686 COUNTED track_id=2728 class=Two-wheeler
2026-08-29 09:53:34 [DEBUG] uvh_test.counter: track_id: 2729, frame: 58739, previous_bottom_center: (1276.2607421875, 377.4988), current_bottom_center: (1293.84912109375, 373.77383), previous_side: -11.88, current_side: 2.80, side_transition: True, crossing_result: True, direction: A_TO_B
2026-08-29 09:53:34 [INFO] uvh_test.counter: SAFETY NET REJECTION: Rejecting tid=2729 as duplicate of class Two-wheeler, prev_tid=2728, dist=60.4px, thresh=150.0px, bbox_size=117.0x97.6
2026-08-29 09:53:37 [DEBUG] uvh_test.counter: track_id: 2733, frame: 58868, previous_bottom_center: (1599.12890625, 702.5382), current_bottom_center: (1648.851806640625, 687.5928), previous_side: -31.03, current_side: 13.71, side_transition: True, crossing_result: True, direction: A_TO_B
2026-08-29 09:53:37 [DEBUG] uvh_test.main: frame=58868 COUNTED track_id=2733 class=LCV
2026-08-29 09:53:37 [DEBUG] uvh_test.counter: track_id: 2734, frame: 58870, previous_bottom_center: (1634.6787109375, 707.7724), current_bottom_center: (1649.177490234375, 696.03345), previous_side: -10.72, current_side: 7.74, side_transition: True, crossing_result: True, direction: A_TO_B
2026-08-29 09:53:37 [INFO] uvh_test.counter: SAFETY NET REJECTION: Rejecting tid=2734 as duplicate of class LCV, prev_tid=2733, dist=8.4px, thresh=150.0px, bbox_size=459.0x384.4
2026-08-29 09:53:37 [DEBUG] uvh_test.counter: track_id: 2730, frame: 58871, previous_bottom_center: (1271.7108154296875, 371.5803), current_bottom_center: (1288.207763671875, 368.68475), previous_side: -10.63, current_side: 2.70, side_transition: True, crossing_result: True, direction: A_TO_B
2026-08-29 09:53:37 [DEBUG] uvh_test.counter: track_id: 2735, frame: 58871, previous_bottom_center: (1666.19677734375, 730.6025), current_bottom_center: (1695.10986328125, 745.32294), previous_side: -6.06, current_side: 2.78, side_transition: True, crossing_result: True, direction: A_TO_B
2026-08-29 09:53:37 [INFO] uvh_test.counter: SAFETY NET REJECTION: Rejecting tid=2735 as duplicate of class LCV, prev_tid=2733, dist=74.0px, thresh=150.0px, bbox_size=449.8x384.3
2026-08-29 09:53:37 [DEBUG] uvh_test.main: frame=58871 COUNTED track_id=2730 class=Two-wheeler
2026-08-29 09:53:39 [DEBUG] uvh_test.counter: track_id: 2738, frame: 58921, previous_bottom_center: (1299.8345947265625, 413.58572), current_bottom_center: (1332.6929931640625, 406.66278), previous_side: -22.34, current_side: 5.06, side_transition: True, crossing_result: True, direction: A_TO_B
2026-08-29 09:53:39 [INFO] uvh_test.counter: SAFETY NET REJECTION: Rejecting tid=2738 as duplicate of class Two-wheeler, prev_tid=2730, dist=58.5px, thresh=150.0px, bbox_size=136.5x126.5
2026-08-29 09:53:40 [DEBUG] uvh_test.counter: track_id: 2742, frame: 58952, previous_bottom_center: (1548.4400634765625, 671.6296), current_bottom_center: (1613.234375, 648.177), previous_side: -42.79, current_side: 18.44, side_transition: True, crossing_result: True, direction: A_TO_B
2026-08-29 09:53:40 [INFO] uvh_test.counter: SAFETY NET REJECTION: Rejecting tid=2742 as duplicate of class LCV, prev_tid=2733, dist=53.1px, thresh=150.0px, bbox_size=458.6x384.3
2026-08-29 09:53:40 [DEBUG] uvh_test.counter: track_id: 2743, frame: 58952, previous_bottom_center: (1502.54736328125, 608.9441), current_bottom_center: (1558.5810546875, 594.4734), previous_side: -27.97, current_side: 20.71, side_transition: True, crossing_result: True, direction: A_TO_B
2026-08-29 09:53:40 [INFO] uvh_test.counter: SAFETY NET REJECTION: Rejecting tid=2743 as duplicate of class LCV, prev_tid=2733, dist=129.7px, thresh=150.0px, bbox_size=458.8x384.2
2026-08-29 09:53:40 [DEBUG] uvh_test.counter: track_id: 2745, frame: 58954, previous_bottom_center: (1513.795166015625, 608.06), current_bottom_center: (1551.45361328125, 595.8862), previous_side: -19.68, current_side: 14.84, side_transition: True, crossing_result: True, direction: A_TO_B
2026-08-29 09:53:40 [INFO] uvh_test.counter: SAFETY NET REJECTION: Rejecting tid=2745 as duplicate of class LCV, prev_tid=2733, dist=133.8px, thresh=150.0px, bbox_size=459.0x384.3
2026-08-29 09:53:40 [DEBUG] uvh_test.counter: track_id: 2746, frame: 58955, previous_bottom_center: (1598.5146484375, 661.77606), current_bottom_center: (1615.947509765625, 547.5527), previous_side: -1.54, current_side: 94.12, side_transition: True, crossing_result: True, direction: A_TO_B
2026-08-29 09:53:40 [INFO] uvh_test.counter: SAFETY NET REJECTION: Rejecting tid=2746 as duplicate of class LCV, prev_tid=2733, dist=143.9px, thresh=150.0px, bbox_size=333.6x276.1
2026-08-29 09:53:53 [DEBUG] uvh_test.counter: track_id: 2755, frame: 59526, previous_bottom_center: (1634.729736328125, 743.1193), current_bottom_center: (1691.408935546875, 705.84296), previous_side: -36.62, current_side: 29.24, side_transition: True, crossing_result: True, direction: A_TO_B
2026-08-29 09:53:53 [DEBUG] uvh_test.main: frame=59526 COUNTED track_id=2755 class=tempo-traveller
2026-08-29 09:53:55 [DEBUG] uvh_test.counter: track_id: 2758, frame: 59608, previous_bottom_center: (1279.86572265625, 378.21573), current_bottom_center: (1297.4912109375, 374.6502), previous_side: -9.96, current_side: 4.63, side_transition: True, crossing_result: True, direction: A_TO_B
2026-08-29 09:53:55 [DEBUG] uvh_test.main: frame=59608 COUNTED track_id=2758 class=Two-wheeler
2026-08-29 09:54:02 [DEBUG] uvh_test.counter: track_id: 2774, frame: 59876, previous_bottom_center: (1340.986572265625, 439.47012), current_bottom_center: (1369.6239013671875, 430.74078), previous_side: -13.38, current_side: 12.48, side_transition: True, crossing_result: True, direction: A_TO_B
2026-08-29 09:54:02 [DEBUG] uvh_test.main: frame=59876 COUNTED track_id=2774 class=Truck
2026-08-29 09:54:02 [DEBUG] uvh_test.counter: track_id: 2779, frame: 59906, previous_bottom_center: (1545.3370361328125, 664.7015), current_bottom_center: (1585.4886474609375, 633.33685), previous_side: -39.82, current_side: 10.48, side_transition: True, crossing_result: True, direction: A_TO_B
2026-08-29 09:54:02 [DEBUG] uvh_test.main: frame=59906 COUNTED track_id=2779 class=Two-wheeler
2026-08-29 09:54:03 [DEBUG] uvh_test.counter: track_id: 2777, frame: 59913, previous_bottom_center: (1373.64306640625, 456.3197), current_bottom_center: (1400.3955078125, 447.16577), previous_side: -3.56, current_side: 21.34, side_transition: True, crossing_result: True, direction: A_TO_B
2026-08-29 09:54:03 [DEBUG] uvh_test.main: frame=59913 COUNTED track_id=2777 class=Two-wheeler
2026-08-29 09:54:04 [DEBUG] uvh_test.counter: track_id: 2784, frame: 59943, previous_bottom_center: (1475.090576171875, 599.8574), current_bottom_center: (1499.714599609375, 567.28735), previous_side: -39.96, current_side: 0.67, side_transition: True, crossing_result: True, direction: A_TO_B
2026-08-29 09:54:04 [DEBUG] uvh_test.main: frame=59943 COUNTED track_id=2784 class=Bus
2026-08-29 09:54:04 [DEBUG] uvh_test.counter: track_id: 2783, frame: 59949, previous_bottom_center: (1496.5606689453125, 585.6643), current_bottom_center: (1508.28076171875, 531.11176), previous_side: -14.96, current_side: 33.03, side_transition: True, crossing_result: True, direction: A_TO_B
2026-08-29 09:54:04 [INFO] uvh_test.counter: SAFETY NET REJECTION: Rejecting tid=2783 as duplicate of class Bus, prev_tid=2784, dist=37.2px, thresh=344.3px, bbox_size=459.1x384.7
2026-08-29 09:54:06 [DEBUG] uvh_test.counter: track_id: 2793, frame: 60046, previous_bottom_center: (1358.7218017578125, 450.06677), current_bottom_center: (1389.321533203125, 440.76132), previous_side: -9.11, current_side: 18.51, side_transition: True, crossing_result: True, direction: A_TO_B
2026-08-29 09:54:06 [DEBUG] uvh_test.main: frame=60046 COUNTED track_id=2793 class=Truck
2026-08-29 09:54:10 [DEBUG] uvh_test.counter: track_id: 2795, frame: 60220, previous_bottom_center: (1272.1883544921875, 390.08267), current_bottom_center: (1305.74951171875, 382.93887), previous_side: -23.88, current_side: 4.16, side_transition: True, crossing_result: True, direction: A_TO_B
2026-08-29 09:54:10 [DEBUG] uvh_test.main: frame=60220 COUNTED track_id=2795 class=Two-wheeler
2026-08-29 09:54:11 [DEBUG] uvh_test.counter: track_id: 2796, frame: 60251, previous_bottom_center: (1304.3564453125, 396.439), current_bottom_center: (1330.02490234375, 390.6696), previous_side: -6.69, current_side: 14.98, side_transition: True, crossing_result: True, direction: A_TO_B
2026-08-29 09:54:11 [INFO] uvh_test.counter: SAFETY NET REJECTION: Rejecting tid=2796 as duplicate of class Two-wheeler, prev_tid=2795, dist=25.5px, thresh=150.0px, bbox_size=127.4x118.9
2026-08-29 09:54:11 [DEBUG] uvh_test.counter: track_id: 2802, frame: 60255, previous_bottom_center: (1535.805419921875, 644.1361), current_bottom_center: (1577.786376953125, 612.3626), previous_side: -31.20, current_side: 20.64, side_transition: True, crossing_result: True, direction: A_TO_B
2026-08-29 09:54:11 [DEBUG] uvh_test.main: frame=60255 COUNTED track_id=2802 class=Two-wheeler
2026-08-29 09:54:12 [DEBUG] uvh_test.counter: track_id: 2800, frame: 60294, previous_bottom_center: (1286.66796875, 378.64804), current_bottom_center: (1302.9630126953125, 375.87073), previous_side: -5.65, current_side: 7.46, side_transition: True, crossing_result: True, direction: A_TO_B
2026-08-29 09:54:12 [INFO] uvh_test.counter: SAFETY NET REJECTION: Rejecting tid=2800 as duplicate of class Two-wheeler, prev_tid=2795, dist=7.6px, thresh=150.0px, bbox_size=122.0x109.2
2026-08-29 09:54:13 [DEBUG] uvh_test.counter: track_id: 2810, frame: 60334, previous_bottom_center: (1585.876953125, 695.653), current_bottom_center: (1600.684326171875, 658.66235), previous_side: -34.98, current_side: 2.22, side_transition: True, crossing_result: True, direction: A_TO_B
2026-08-29 09:54:13 [DEBUG] uvh_test.main: frame=60334 COUNTED track_id=2810 class=Sedan
2026-08-29 09:54:13 [DEBUG] uvh_test.counter: track_id: 2808, frame: 60335, previous_bottom_center: (1647.251953125, 719.64636), current_bottom_center: (1665.2535400390625, 696.1967), previous_side: -10.89, current_side: 18.54, side_transition: True, crossing_result: True, direction: A_TO_B
2026-08-29 09:54:13 [INFO] uvh_test.counter: SAFETY NET REJECTION: Rejecting tid=2808 as duplicate of class Sedan, prev_tid=2810, dist=74.7px, thresh=150.0px, bbox_size=458.9x384.3
2026-08-29 09:54:14 [DEBUG] uvh_test.counter: track_id: 2816, frame: 60353, previous_bottom_center: (1368.716796875, 502.5553), current_bottom_center: (1423.211181640625, 473.5245), previous_side: -40.83, current_side: 17.50, side_transition: True, crossing_result: True, direction: A_TO_B
2026-08-29 09:54:14 [DEBUG] uvh_test.main: frame=60353 COUNTED track_id=2816 class=MUV
2026-08-29 09:54:17 [DEBUG] uvh_test.counter: track_id: 2820, frame: 60474, previous_bottom_center: (1298.667236328125, 387.79648), current_bottom_center: (1323.5439453125, 383.86407), previous_side: -4.21, current_side: 15.57, side_transition: True, crossing_result: True, direction: A_TO_B
2026-08-29 09:54:17 [DEBUG] uvh_test.main: frame=60474 COUNTED track_id=2820 class=Two-wheeler
2026-08-29 09:54:21 [DEBUG] uvh_test.counter: track_id: 2824, frame: 60641, previous_bottom_center: (1555.386474609375, 685.5032), current_bottom_center: (1601.107421875, 653.7196), previous_side: -48.25, current_side: 6.13, side_transition: True, crossing_result: True, direction: A_TO_B
2026-08-29 09:54:21 [DEBUG] uvh_test.main: frame=60641 COUNTED track_id=2824 class=Two-wheeler
2026-08-29 09:54:25 [DEBUG] uvh_test.counter: track_id: 2825, frame: 60815, previous_bottom_center: (1314.05859375, 409.05676), current_bottom_center: (1340.4759521484375, 403.463), previous_side: -9.36, current_side: 12.70, side_transition: True, crossing_result: True, direction: A_TO_B
2026-08-29 09:54:25 [DEBUG] uvh_test.main: frame=60815 COUNTED track_id=2825 class=Two-wheeler
2026-08-29 09:54:28 [DEBUG] uvh_test.counter: track_id: 2826, frame: 60975, previous_bottom_center: (1344.5506591796875, 472.58347), current_bottom_center: (1385.7640380859375, 460.08902), previous_side: -35.26, current_side: 1.91, side_transition: True, crossing_result: True, direction: A_TO_B
2026-08-29 09:54:28 [DEBUG] uvh_test.main: frame=60975 COUNTED track_id=2826 class=Two-wheeler
2026-08-29 09:54:34 [DEBUG] uvh_test.counter: track_id: 2832, frame: 61224, previous_bottom_center: (1275.516357421875, 388.50528), current_bottom_center: (1316.7369384765625, 372.2495), previous_side: -20.46, current_side: 19.47, side_transition: True, crossing_result: True, direction: A_TO_B
2026-08-29 09:54:34 [DEBUG] uvh_test.main: frame=61224 COUNTED track_id=2832 class=Three-wheeler
2026-08-29 09:54:35 [DEBUG] uvh_test.counter: track_id: 2836, frame: 61234, previous_bottom_center: (1472.6978759765625, 543.9123), current_bottom_center: (1515.9725341796875, 544.10767), previous_side: -0.53, current_side: 28.72, side_transition: True, crossing_result: True, direction: A_TO_B
2026-08-29 09:54:35 [DEBUG] uvh_test.counter: track_id: 2840, frame: 61234, previous_bottom_center: (1514.469482421875, 596.06433), current_bottom_center: (1558.164794921875, 596.5945), previous_side: -10.42, current_side: 18.88, side_transition: True, crossing_result: True, direction: A_TO_B
2026-08-29 09:54:35 [INFO] uvh_test.counter: SAFETY NET REJECTION: Rejecting tid=2840 as duplicate of class Truck, prev_tid=2836, dist=67.3px, thresh=300.0px, bbox_size=458.7x384.3
2026-08-29 09:54:35 [DEBUG] uvh_test.main: frame=61234 COUNTED track_id=2836 class=Truck
2026-08-29 09:54:35 [DEBUG] uvh_test.counter: track_id: 2841, frame: 61236, previous_bottom_center: (1414.7083740234375, 546.48193), current_bottom_center: (1494.2403564453125, 478.9197), previous_side: -41.82, current_side: 61.79, side_transition: True, crossing_result: True, direction: A_TO_B
2026-08-29 09:54:35 [INFO] uvh_test.counter: SAFETY NET REJECTION: Rejecting tid=2841 as duplicate of class Truck, prev_tid=2836, dist=68.7px, thresh=249.6px, bbox_size=332.8x270.4
2026-08-29 09:54:35 [DEBUG] uvh_test.counter: track_id: 2838, frame: 61236, previous_bottom_center: (1477.747802734375, 597.15674), current_bottom_center: (1511.687744140625, 564.0431), previous_side: -36.17, current_side: 11.18, side_transition: True, crossing_result: True, direction: A_TO_B
2026-08-29 09:54:35 [INFO] uvh_test.counter: SAFETY NET REJECTION: Rejecting tid=2838 as duplicate of class Truck, prev_tid=2836, dist=20.4px, thresh=300.0px, bbox_size=458.8x384.3
2026-08-29 09:54:35 [DEBUG] uvh_test.counter: track_id: 2848, frame: 61261, previous_bottom_center: (1547.3956298828125, 646.50885), current_bottom_center: (1590.95654296875, 646.65466), previous_side: -25.07, current_side: 4.42, side_transition: True, crossing_result: True, direction: A_TO_B
2026-08-29 09:54:35 [DEBUG] uvh_test.main: frame=61261 COUNTED track_id=2848 class=Bus
2026-08-29 09:54:36 [INFO] uvh_test.counter: SAFETY NET MERGE: Merging current tid=2844 into lost_tid=2844, dist=91.4px
2026-08-29 09:54:36 [INFO] uvh_test.counter: SAFETY NET REJECTION (MERGE PATH): Rejecting tid=2844 as duplicate of class Bus, prev_tid=2848, dist=78.0px, thresh=344.3px
2026-08-29 09:54:37 [INFO] uvh_test.counter: SAFETY NET MERGE: Merging current tid=2855 into lost_tid=2852, dist=94.8px
2026-08-29 09:54:37 [DEBUG] uvh_test.main: frame=61318 COUNTED track_id=2855 class=Bus
2026-08-29 09:54:37 [DEBUG] uvh_test.counter: track_id: 2858, frame: 61320, previous_bottom_center: (1575.768798828125, 788.40594), current_bottom_center: (1664.09716796875, 704.0078), previous_side: -109.91, current_side: 12.03, side_transition: True, crossing_result: True, direction: A_TO_B
2026-08-29 09:54:37 [DEBUG] uvh_test.main: frame=61320 COUNTED track_id=2858 class=LCV
2026-08-29 09:54:37 [DEBUG] uvh_test.counter: track_id: 2863, frame: 61323, previous_bottom_center: (1626.888916015625, 700.39606), current_bottom_center: (1680.7998046875, 696.0048), previous_side: -10.60, current_side: 29.25, side_transition: True, crossing_result: True, direction: A_TO_B
2026-08-29 09:54:37 [INFO] uvh_test.counter: SAFETY NET REJECTION: Rejecting tid=2863 as duplicate of class Truck, prev_tid=2836, dist=224.1px, thresh=300.0px, bbox_size=458.5x384.5
2026-08-29 09:54:37 [DEBUG] uvh_test.counter: track_id: 2861, frame: 61323, previous_bottom_center: (1558.42724609375, 692.12335), current_bottom_center: (1639.10595703125, 649.1713), previous_side: -51.04, current_side: 35.29, side_transition: True, crossing_result: True, direction: A_TO_B
2026-08-29 09:54:37 [INFO] uvh_test.counter: SAFETY NET REJECTION: Rejecting tid=2861 as duplicate of class Truck, prev_tid=2836, dist=161.9px, thresh=300.0px, bbox_size=459.2x384.5
2026-08-29 09:54:38 [DEBUG] uvh_test.counter: track_id: 2834, frame: 61345, previous_bottom_center: (1332.390380859375, 431.84015), current_bottom_center: (1365.313720703125, 424.21323), previous_side: -13.62, current_side: 14.34, side_transition: True, crossing_result: True, direction: A_TO_B
2026-08-29 09:54:38 [DEBUG] uvh_test.main: frame=61345 COUNTED track_id=2834 class=Two-wheeler
2026-08-29 09:54:39 [DEBUG] uvh_test.counter: track_id: 2867, frame: 61381, previous_bottom_center: (1294.0111083984375, 386.0713), current_bottom_center: (1319.073486328125, 381.2658), previous_side: -6.11, current_side: 14.44, side_transition: True, crossing_result: True, direction: A_TO_B
2026-08-29 09:54:39 [INFO] uvh_test.counter: SAFETY NET REJECTION: Rejecting tid=2867 as duplicate of class Two-wheeler, prev_tid=2834, dist=63.1px, thresh=150.0px, bbox_size=118.7x108.6
2026-08-29 09:54:42 [DEBUG] uvh_test.counter: track_id: 2868, frame: 61475, previous_bottom_center: (1310.355712890625, 402.5875), current_bottom_center: (1337.144775390625, 396.8832), previous_side: -7.13, current_side: 15.26, side_transition: True, crossing_result: True, direction: A_TO_B
2026-08-29 09:54:42 [INFO] uvh_test.counter: SAFETY NET REJECTION: Rejecting tid=2868 as duplicate of class Two-wheeler, prev_tid=2834, dist=39.2px, thresh=150.0px, bbox_size=121.6x117.8
2026-08-29 09:54:45 [DEBUG] uvh_test.counter: track_id: 2871, frame: 61633, previous_bottom_center: (1333.23193359375, 448.4904), current_bottom_center: (1365.4371337890625, 440.71368), previous_side: -25.27, current_side: 2.32, side_transition: True, crossing_result: True, direction: A_TO_B
2026-08-29 09:54:45 [DEBUG] uvh_test.main: frame=61633 COUNTED track_id=2871 class=Three-wheeler
2026-08-29 09:54:46 [DEBUG] uvh_test.counter: track_id: 2878, frame: 61682, previous_bottom_center: (1286.25537109375, 385.80984), current_bottom_center: (1302.8690185546875, 382.70944), previous_side: -11.19, current_side: 2.37, side_transition: True, crossing_result: True, direction: A_TO_B
2026-08-29 09:54:46 [DEBUG] uvh_test.main: frame=61682 COUNTED track_id=2878 class=Two-wheeler
2026-08-29 09:54:47 [DEBUG] uvh_test.counter: track_id: 2881, frame: 61694, previous_bottom_center: (1374.213134765625, 455.31293), current_bottom_center: (1415.4158935546875, 442.68402), previous_side: -2.43, current_side: 34.83, side_transition: True, crossing_result: True, direction: A_TO_B
2026-08-29 09:54:47 [INFO] uvh_test.counter: SAFETY NET REJECTION: Rejecting tid=2881 as duplicate of class Two-wheeler, prev_tid=2878, dist=127.5px, thresh=150.0px, bbox_size=162.7x143.1
2026-08-29 09:54:47 [DEBUG] uvh_test.counter: track_id: 2882, frame: 61720, previous_bottom_center: (1305.5140380859375, 395.45587), current_bottom_center: (1325.14794921875, 391.7115), previous_side: -5.18, current_side: 10.90, side_transition: True, crossing_result: True, direction: A_TO_B
2026-08-29 09:54:47 [INFO] uvh_test.counter: SAFETY NET REJECTION: Rejecting tid=2882 as duplicate of class Two-wheeler, prev_tid=2878, dist=24.0px, thresh=150.0px, bbox_size=123.1x109.2
2026-08-29 09:54:49 [DEBUG] uvh_test.counter: track_id: 2886, frame: 61771, previous_bottom_center: (1635.4698486328125, 743.712), current_bottom_center: (1655.2789306640625, 706.33636), previous_side: -36.56, current_side: 4.33, side_transition: True, crossing_result: True, direction: A_TO_B
2026-08-29 09:54:49 [DEBUG] uvh_test.main: frame=61771 COUNTED track_id=2886 class=tempo-traveller
2026-08-29 09:54:53 [DEBUG] uvh_test.counter: track_id: 2889, frame: 61960, previous_bottom_center: (1419.173828125, 507.6016), current_bottom_center: (1467.6134033203125, 489.20105), previous_side: -10.25, current_side: 36.16, side_transition: True, crossing_result: True, direction: A_TO_B
2026-08-29 09:54:53 [DEBUG] uvh_test.main: frame=61960 COUNTED track_id=2889 class=Two-wheeler
2026-08-29 09:54:55 [DEBUG] uvh_test.counter: track_id: 2890, frame: 62032, previous_bottom_center: (1274.926025390625, 385.06726), current_bottom_center: (1298.600341796875, 381.39374), previous_side: -18.34, current_side: 0.44, side_transition: True, crossing_result: True, direction: A_TO_B
2026-08-29 09:54:55 [DEBUG] uvh_test.main: frame=62032 COUNTED track_id=2890 class=Two-wheeler
2026-08-29 09:54:56 [DEBUG] uvh_test.counter: track_id: 2893, frame: 62067, previous_bottom_center: (1543.8853759765625, 647.66565), current_bottom_center: (1557.494140625, 564.9636), previous_side: -28.30, current_side: 41.63, side_transition: True, crossing_result: True, direction: A_TO_B
2026-08-29 09:54:56 [DEBUG] uvh_test.main: frame=62067 COUNTED track_id=2893 class=MUV
2026-08-29 09:55:02 [DEBUG] uvh_test.counter: track_id: 2906, frame: 62346, previous_bottom_center: (1406.3292236328125, 526.459), current_bottom_center: (1454.4176025390625, 507.2407), previous_side: -32.82, current_side: 13.96, side_transition: True, crossing_result: True, direction: A_TO_B
2026-08-29 09:55:02 [DEBUG] uvh_test.main: frame=62346 COUNTED track_id=2906 class=Two-wheeler
2026-08-29 09:55:07 [DEBUG] uvh_test.counter: track_id: 2907, frame: 62576, previous_bottom_center: (1317.361572265625, 401.64273), current_bottom_center: (1339.601318359375, 396.3262), previous_side: -1.67, current_side: 17.34, side_transition: True, crossing_result: True, direction: A_TO_B
2026-08-29 09:55:07 [DEBUG] uvh_test.main: frame=62576 COUNTED track_id=2907 class=Two-wheeler
2026-08-29 09:55:07 [DEBUG] uvh_test.counter: track_id: 2911, frame: 62614, previous_bottom_center: (1302.0980224609375, 429.33728), current_bottom_center: (1340.477294921875, 420.2336), previous_side: -32.36, current_side: 0.39, side_transition: True, crossing_result: True, direction: A_TO_B
2026-08-29 09:55:07 [INFO] uvh_test.counter: SAFETY NET REJECTION: Rejecting tid=2911 as duplicate of class Two-wheeler, prev_tid=2907, dist=23.9px, thresh=150.0px, bbox_size=143.8x130.0
2026-08-29 09:55:11 [DEBUG] uvh_test.counter: track_id: 2915, frame: 62765, previous_bottom_center: (1334.615478515625, 440.03555), current_bottom_center: (1376.9453125, 428.92126), previous_side: -18.12, current_side: 18.79, side_transition: True, crossing_result: True, direction: A_TO_B
2026-08-29 09:55:11 [DEBUG] uvh_test.main: frame=62765 COUNTED track_id=2915 class=Two-wheeler
2026-08-29 09:55:15 [DEBUG] uvh_test.counter: track_id: 2919, frame: 62966, previous_bottom_center: (1287.83447265625, 387.9082), current_bottom_center: (1316.9287109375, 382.1558), previous_side: -11.65, current_side: 12.33, side_transition: True, crossing_result: True, direction: A_TO_B
2026-08-29 09:55:15 [DEBUG] uvh_test.main: frame=62966 COUNTED track_id=2919 class=Two-wheeler
2026-08-29 09:55:17 [DEBUG] uvh_test.counter: track_id: 2920, frame: 63013, previous_bottom_center: (1281.81201171875, 374.5004), current_bottom_center: (1302.15625, 370.8503), previous_side: -5.91, current_side: 10.59, side_transition: True, crossing_result: True, direction: A_TO_B
2026-08-29 09:55:17 [INFO] uvh_test.counter: SAFETY NET REJECTION: Rejecting tid=2920 as duplicate of class Two-wheeler, prev_tid=2919, dist=18.6px, thresh=150.0px, bbox_size=120.5x108.3
2026-08-29 09:55:17 [DEBUG] uvh_test.counter: track_id: 2924, frame: 63017, previous_bottom_center: (1598.6636962890625, 703.1294), current_bottom_center: (1643.134033203125, 670.39545), previous_side: -31.78, current_side: 22.45, side_transition: True, crossing_result: True, direction: A_TO_B
2026-08-29 09:55:17 [DEBUG] uvh_test.main: frame=63017 COUNTED track_id=2924 class=Two-wheeler
2026-08-29 09:55:19 [DEBUG] uvh_test.counter: track_id: 2935, frame: 63100, previous_bottom_center: (1605.109375, 697.89417), current_bottom_center: (1625.51220703125, 651.37396), previous_side: -23.56, current_side: 24.43, side_transition: True, crossing_result: True, direction: A_TO_B
2026-08-29 09:55:19 [DEBUG] uvh_test.main: frame=63100 COUNTED track_id=2935 class=Hatchback
2026-08-29 09:55:19 [DEBUG] uvh_test.counter: track_id: 2932, frame: 63106, previous_bottom_center: (1415.13330078125, 500.81436), current_bottom_center: (1457.51513671875, 499.55804), previous_side: -8.02, current_side: 21.70, side_transition: True, crossing_result: True, direction: A_TO_B
2026-08-29 09:55:19 [DEBUG] uvh_test.main: frame=63106 COUNTED track_id=2932 class=Bus
2026-08-29 09:55:19 [DEBUG] uvh_test.counter: track_id: 2933, frame: 63111, previous_bottom_center: (1450.87255859375, 551.0909), current_bottom_center: (1465.735107421875, 487.81058), previous_side: -20.63, current_side: 35.90, side_transition: True, crossing_result: True, direction: A_TO_B
2026-08-29 09:55:19 [INFO] uvh_test.counter: SAFETY NET REJECTION: Rejecting tid=2933 as duplicate of class Bus, prev_tid=2932, dist=14.3px, thresh=344.3px, bbox_size=459.1x384.6
2026-08-29 09:55:22 [DEBUG] uvh_test.counter: track_id: 2943, frame: 63232, previous_bottom_center: (1300.598388671875, 394.004), current_bottom_center: (1333.030517578125, 387.8709), previous_side: -7.46, current_side: 19.08, side_transition: True, crossing_result: True, direction: A_TO_B
2026-08-29 09:55:22 [DEBUG] uvh_test.main: frame=63232 COUNTED track_id=2943 class=Two-wheeler
2026-08-29 09:55:23 [DEBUG] uvh_test.counter: track_id: 2944, frame: 63282, previous_bottom_center: (1320.265625, 417.80377), current_bottom_center: (1344.435546875, 412.13535), previous_side: -11.56, current_side: 9.02, side_transition: True, crossing_result: True, direction: A_TO_B
2026-08-29 09:55:23 [INFO] uvh_test.counter: SAFETY NET REJECTION: Rejecting tid=2944 as duplicate of class Two-wheeler, prev_tid=2943, dist=26.8px, thresh=150.0px, bbox_size=138.2x125.2
2026-08-29 09:55:24 [DEBUG] uvh_test.counter: track_id: 2953, frame: 63308, previous_bottom_center: (1566.228515625, 660.9155), current_bottom_center: (1604.300537109375, 615.1616), previous_side: -22.84, current_side: 36.60, side_transition: True, crossing_result: True, direction: A_TO_B
2026-08-29 09:55:24 [DEBUG] uvh_test.main: frame=63308 COUNTED track_id=2953 class=LCV
2026-08-29 09:55:24 [DEBUG] uvh_test.counter: track_id: 2954, frame: 63309, previous_bottom_center: (1503.2437744140625, 598.15405), current_bottom_center: (1552.935302734375, 595.0126), previous_side: -19.58, current_side: 16.48, side_transition: True, crossing_result: True, direction: A_TO_B
2026-08-29 09:55:24 [INFO] uvh_test.counter: SAFETY NET REJECTION: Rejecting tid=2954 as duplicate of class LCV, prev_tid=2953, dist=55.2px, thresh=150.0px, bbox_size=459.0x384.6
2026-08-29 09:55:24 [DEBUG] uvh_test.counter: track_id: 2956, frame: 63309, previous_bottom_center: (1550.145751953125, 647.7332), current_bottom_center: (1596.8145751953125, 647.7371), previous_side: -24.10, current_side: 7.61, side_transition: True, crossing_result: True, direction: A_TO_B
2026-08-29 09:55:24 [INFO] uvh_test.counter: SAFETY NET REJECTION: Rejecting tid=2956 as duplicate of class LCV, prev_tid=2953, dist=33.4px, thresh=150.0px, bbox_size=459.0x384.3
2026-08-29 09:55:24 [DEBUG] uvh_test.counter: track_id: 2957, frame: 63311, previous_bottom_center: (1557.7685546875, 650.9488), current_bottom_center: (1592.8111572265625, 645.9402), previous_side: -21.28, current_side: 6.20, side_transition: True, crossing_result: True, direction: A_TO_B
2026-08-29 09:55:24 [INFO] uvh_test.counter: SAFETY NET REJECTION: Rejecting tid=2957 as duplicate of class LCV, prev_tid=2953, dist=32.9px, thresh=150.0px, bbox_size=459.2x384.5
2026-08-29 09:55:25 [DEBUG] uvh_test.counter: track_id: 2952, frame: 63324, previous_bottom_center: (1302.04345703125, 388.7042), current_bottom_center: (1322.651123046875, 384.13913), previous_side: -2.59, current_side: 14.76, side_transition: True, crossing_result: True, direction: A_TO_B
2026-08-29 09:55:25 [INFO] uvh_test.counter: SAFETY NET REJECTION: Rejecting tid=2952 as duplicate of class Two-wheeler, prev_tid=2943, dist=11.0px, thresh=150.0px, bbox_size=122.2x109.8
2026-08-29 09:55:27 [DEBUG] uvh_test.counter: track_id: 2968, frame: 63424, previous_bottom_center: (1325.22412109375, 411.2669), current_bottom_center: (1357.5745849609375, 404.08118), previous_side: -3.39, current_side: 23.86, side_transition: True, crossing_result: True, direction: A_TO_B
2026-08-29 09:55:27 [DEBUG] uvh_test.main: frame=63424 COUNTED track_id=2968 class=LCV
2026-08-29 09:55:35 [DEBUG] uvh_test.counter: track_id: 2983, frame: 63778, previous_bottom_center: (1538.7347412109375, 650.41815), current_bottom_center: (1577.518310546875, 626.322), previous_side: -33.82, current_side: 10.21, side_transition: True, crossing_result: True, direction: A_TO_B
2026-08-29 09:55:35 [DEBUG] uvh_test.main: frame=63778 COUNTED track_id=2983 class=Two-wheeler
2026-08-29 09:55:36 [DEBUG] uvh_test.counter: track_id: 2975, frame: 63801, previous_bottom_center: (1292.458251953125, 384.6672), current_bottom_center: (1306.35302734375, 381.94272), previous_side: -6.14, current_side: 5.30, side_transition: True, crossing_result: True, direction: A_TO_B
2026-08-29 09:55:36 [DEBUG] uvh_test.main: frame=63801 COUNTED track_id=2975 class=Two-wheeler
2026-08-29 09:55:40 [DEBUG] uvh_test.counter: track_id: 2986, frame: 63991, previous_bottom_center: (1550.317626953125, 702.72406), current_bottom_center: (1599.98876953125, 656.0218), previous_side: -64.33, current_side: 3.68, side_transition: True, crossing_result: True, direction: A_TO_B
2026-08-29 09:55:40 [DEBUG] uvh_test.counter: track_id: 2988, frame: 63991, previous_bottom_center: (1644.343505859375, 706.31396), current_bottom_center: (1659.911865234375, 694.65436), previous_side: -3.09, current_side: 16.05, side_transition: True, crossing_result: True, direction: A_TO_B
2026-08-29 09:55:40 [INFO] uvh_test.counter: SAFETY NET REJECTION: Rejecting tid=2988 as duplicate of class Sedan, prev_tid=2986, dist=71.3px, thresh=150.0px, bbox_size=458.9x384.3
2026-08-29 09:55:40 [DEBUG] uvh_test.main: frame=63991 COUNTED track_id=2986 class=Sedan
2026-08-29 09:55:40 [DEBUG] uvh_test.counter: track_id: 2985, frame: 63992, previous_bottom_center: (1619.81640625, 736.77094), current_bottom_center: (1655.973388671875, 700.63794), previous_side: -42.10, current_side: 8.98, side_transition: True, crossing_result: True, direction: A_TO_B
2026-08-29 09:55:40 [INFO] uvh_test.counter: SAFETY NET REJECTION: Rejecting tid=2985 as duplicate of class Sedan, prev_tid=2986, dist=71.6px, thresh=150.0px, bbox_size=458.8x384.3
2026-08-29 09:55:40 [DEBUG] uvh_test.counter: track_id: 2989, frame: 63992, previous_bottom_center: (1586.327880859375, 658.3704), current_bottom_center: (1623.1385498046875, 600.2757), previous_side: -7.32, current_side: 60.32, side_transition: True, crossing_result: True, direction: A_TO_B
2026-08-29 09:55:40 [INFO] uvh_test.counter: SAFETY NET REJECTION: Rejecting tid=2989 as duplicate of class Sedan, prev_tid=2986, dist=60.4px, thresh=150.0px, bbox_size=286.7x236.5
2026-08-29 09:55:42 [DEBUG] uvh_test.counter: track_id: 2990, frame: 64075, previous_bottom_center: (1342.942138671875, 441.467), current_bottom_center: (1375.5828857421875, 433.01538), previous_side: -13.52, current_side: 14.86, side_transition: True, crossing_result: True, direction: A_TO_B
2026-08-29 09:55:42 [DEBUG] uvh_test.main: frame=64075 COUNTED track_id=2990 class=Two-wheeler
2026-08-29 09:55:43 [DEBUG] uvh_test.counter: track_id: 2998, frame: 64128, previous_bottom_center: (1421.042236328125, 547.2511), current_bottom_center: (1460.4219970703125, 515.88544), previous_side: -38.08, current_side: 11.69, side_transition: True, crossing_result: True, direction: A_TO_B
2026-08-29 09:55:43 [DEBUG] uvh_test.main: frame=64128 COUNTED track_id=2998 class=LCV
2026-08-29 09:55:43 [DEBUG] uvh_test.counter: track_id: 2999, frame: 64129, previous_bottom_center: (1370.4033203125, 470.44897), current_bottom_center: (1406.19384765625, 458.4396), previous_side: -16.13, current_side: 17.00, side_transition: True, crossing_result: True, direction: A_TO_B
2026-08-29 09:55:43 [INFO] uvh_test.counter: SAFETY NET REJECTION: Rejecting tid=2999 as duplicate of class LCV, prev_tid=2998, dist=79.0px, thresh=150.0px, bbox_size=459.0x384.3
2026-08-29 09:55:43 [DEBUG] uvh_test.counter: track_id: 3000, frame: 64129, previous_bottom_center: (1327.917724609375, 554.2982), current_bottom_center: (1395.75048828125, 469.88293), previous_side: -106.52, current_side: 1.51, side_transition: True, crossing_result: True, direction: A_TO_B
2026-08-29 09:55:43 [INFO] uvh_test.counter: SAFETY NET REJECTION: Rejecting tid=3000 as duplicate of class LCV, prev_tid=2998, dist=79.4px, thresh=150.0px, bbox_size=353.3x290.3
2026-08-29 09:55:44 [DEBUG] uvh_test.counter: track_id: 3003, frame: 64134, previous_bottom_center: (1275.017578125, 366.66434), current_bottom_center: (1291.691162109375, 364.01367), previous_side: -4.77, current_side: 8.50, side_transition: True, crossing_result: True, direction: A_TO_B
2026-08-29 09:55:44 [INFO] uvh_test.counter: SAFETY NET REJECTION: Rejecting tid=3003 as duplicate of class Two-wheeler, prev_tid=2990, dist=108.6px, thresh=150.0px, bbox_size=79.5x97.4
2026-08-29 09:55:44 [INFO] uvh_test.counter: SAFETY NET MERGE: Merging current tid=2994 into lost_tid=2994, dist=95.3px
2026-08-29 09:55:44 [INFO] uvh_test.counter: SAFETY NET REJECTION (MERGE PATH): Rejecting tid=2994 as duplicate of class LCV, prev_tid=2998, dist=98.8px, thresh=150.0px
2026-08-29 09:55:46 [DEBUG] uvh_test.counter: track_id: 2993, frame: 64197, previous_bottom_center: (1345.31201171875, 440.20483), current_bottom_center: (1381.25537109375, 430.94455), previous_side: -10.98, current_side: 20.24, side_transition: True, crossing_result: True, direction: A_TO_B
2026-08-29 09:55:46 [INFO] uvh_test.counter: SAFETY NET REJECTION: Rejecting tid=2993 as duplicate of class Two-wheeler, prev_tid=2990, dist=6.0px, thresh=150.0px, bbox_size=155.2x134.3
2026-08-29 09:55:49 [DEBUG] uvh_test.counter: track_id: 3018, frame: 64301, previous_bottom_center: (1599.794189453125, 695.202), current_bottom_center: (1623.571044921875, 674.14246), previous_side: -25.20, current_side: 6.41, side_transition: True, crossing_result: True, direction: A_TO_B
2026-08-29 09:55:49 [DEBUG] uvh_test.main: frame=64301 COUNTED track_id=3018 class=Two-wheeler
2026-08-29 09:55:49 [DEBUG] uvh_test.counter: track_id: 3014, frame: 64330, previous_bottom_center: (1417.06591796875, 502.6647), current_bottom_center: (1452.389892578125, 502.77185), previous_side: -8.06, current_side: 15.86, side_transition: True, crossing_result: True, direction: A_TO_B
2026-08-29 09:55:49 [DEBUG] uvh_test.counter: track_id: 3013, frame: 64330, previous_bottom_center: (1368.7513427734375, 453.95062), current_bottom_center: (1404.120849609375, 454.13602), previous_side: -5.14, current_side: 18.75, side_transition: True, crossing_result: True, direction: A_TO_B
2026-08-29 09:55:49 [INFO] uvh_test.counter: SAFETY NET REJECTION: Rejecting tid=3013 as duplicate of class Bus, prev_tid=3014, dist=68.5px, thresh=333.8px, bbox_size=445.0x384.3
2026-08-29 09:55:49 [DEBUG] uvh_test.main: frame=64330 COUNTED track_id=3014 class=Bus
2026-08-29 09:55:49 [DEBUG] uvh_test.counter: track_id: 3015, frame: 64332, previous_bottom_center: (1367.9014892578125, 470.4425), current_bottom_center: (1403.742431640625, 458.65625), previous_side: -17.82, current_side: 15.18, side_transition: True, crossing_result: True, direction: A_TO_B
2026-08-29 09:55:49 [INFO] uvh_test.counter: SAFETY NET REJECTION: Rejecting tid=3015 as duplicate of class Bus, prev_tid=3014, dist=65.7px, thresh=343.3px, bbox_size=457.7x384.4
2026-08-29 09:55:49 [DEBUG] uvh_test.counter: track_id: 3012, frame: 64332, previous_bottom_center: (1388.628662109375, 466.57474), current_bottom_center: (1422.446533203125, 456.29688), previous_side: -0.90, current_side: 29.62, side_transition: True, crossing_result: True, direction: A_TO_B
2026-08-29 09:55:49 [DEBUG] uvh_test.main: frame=64332 COUNTED track_id=3012 class=Two-wheeler
2026-08-29 09:55:54 [DEBUG] uvh_test.counter: track_id: 3032, frame: 64527, previous_bottom_center: (1284.4267578125, 378.29736), current_bottom_center: (1299.6448974609375, 374.85962), previous_side: -6.92, current_side: 5.94, side_transition: True, crossing_result: True, direction: A_TO_B
2026-08-29 09:55:54 [DEBUG] uvh_test.main: frame=64527 COUNTED track_id=3032 class=Two-wheeler
2026-08-29 09:55:55 [DEBUG] uvh_test.counter: track_id: 3033, frame: 64567, previous_bottom_center: (1313.4420166015625, 428.00504), current_bottom_center: (1353.550537109375, 418.45813), previous_side: -23.68, current_side: 10.58, side_transition: True, crossing_result: True, direction: A_TO_B
2026-08-29 09:55:55 [INFO] uvh_test.counter: SAFETY NET REJECTION: Rejecting tid=3033 as duplicate of class Two-wheeler, prev_tid=3032, dist=69.3px, thresh=150.0px, bbox_size=121.9x131.3
2026-08-29 09:56:01 [DEBUG] uvh_test.counter: track_id: 3036, frame: 64827, previous_bottom_center: (1647.966552734375, 739.3969), current_bottom_center: (1692.158447265625, 705.97955), previous_side: -24.90, current_side: 29.64, side_transition: True, crossing_result: True, direction: A_TO_B
2026-08-29 09:56:01 [DEBUG] uvh_test.main: frame=64827 COUNTED track_id=3036 class=Truck
2026-08-29 09:56:01 [DEBUG] uvh_test.counter: track_id: 3039, frame: 64829, previous_bottom_center: (1604.895263671875, 695.8231), current_bottom_center: (1640.31982421875, 695.7725), previous_side: -22.19, current_side: 1.92, side_transition: True, crossing_result: True, direction: A_TO_B
2026-08-29 09:56:01 [INFO] uvh_test.counter: SAFETY NET REJECTION: Rejecting tid=3039 as duplicate of class Truck, prev_tid=3036, dist=52.8px, thresh=300.0px, bbox_size=459.0x384.4
2026-08-29 09:56:01 [DEBUG] uvh_test.counter: track_id: 3037, frame: 64829, previous_bottom_center: (1554.83447265625, 756.65344), current_bottom_center: (1683.04248046875, 655.98737), previous_side: -100.84, current_side: 60.13, side_transition: True, crossing_result: True, direction: A_TO_B
2026-08-29 09:56:01 [INFO] uvh_test.counter: SAFETY NET REJECTION: Rejecting tid=3037 as duplicate of class Truck, prev_tid=3036, dist=50.8px, thresh=300.0px, bbox_size=458.1x384.3
2026-08-29 09:56:01 [DEBUG] uvh_test.counter: track_id: 3038, frame: 64830, previous_bottom_center: (1685.8194580078125, 741.2424), current_bottom_center: (1694.0428466796875, 740.4171), previous_side: -0.54, current_side: 5.66, side_transition: True, crossing_result: True, direction: A_TO_B
2026-08-29 09:56:01 [INFO] uvh_test.counter: SAFETY NET REJECTION: Rejecting tid=3038 as duplicate of class Truck, prev_tid=3036, dist=34.5px, thresh=300.0px, bbox_size=451.9x384.3
2026-08-29 09:56:10 [DEBUG] uvh_test.counter: track_id: 3041, frame: 65257, previous_bottom_center: (1303.315673828125, 388.67377), current_bottom_center: (1328.16943359375, 384.17004), previous_side: -1.70, current_side: 18.49, side_transition: True, crossing_result: True, direction: A_TO_B
2026-08-29 09:56:10 [DEBUG] uvh_test.main: frame=65257 COUNTED track_id=3041 class=Two-wheeler
2026-08-29 09:56:14 [DEBUG] uvh_test.counter: track_id: 3042, frame: 65425, previous_bottom_center: (1338.69384765625, 426.98636), current_bottom_center: (1373.60302734375, 418.01752), previous_side: -5.78, current_side: 24.52, side_transition: True, crossing_result: True, direction: A_TO_B
2026-08-29 09:56:14 [DEBUG] uvh_test.main: frame=65425 COUNTED track_id=3042 class=Two-wheeler
2026-08-29 09:56:20 [DEBUG] uvh_test.counter: track_id: 3047, frame: 65770, previous_bottom_center: (1448.68994140625, 533.61597), current_bottom_center: (1495.47119140625, 500.82098), previous_side: -9.29, current_side: 46.56, side_transition: True, crossing_result: True, direction: A_TO_B
2026-08-29 09:56:20 [DEBUG] uvh_test.main: frame=65770 COUNTED track_id=3047 class=MUV
2026-08-29 09:56:23 [DEBUG] uvh_test.counter: track_id: 3059, frame: 65872, previous_bottom_center: (1276.8841552734375, 394.893), current_bottom_center: (1306.391357421875, 389.12762), previous_side: -24.22, current_side: 0.06, side_transition: True, crossing_result: True, direction: A_TO_B
2026-08-29 09:56:23 [DEBUG] uvh_test.main: frame=65872 COUNTED track_id=3059 class=Two-wheeler
2026-08-29 09:56:24 [DEBUG] uvh_test.counter: track_id: 3060, frame: 65896, previous_bottom_center: (1312.2021484375, 408.69345), current_bottom_center: (1341.714599609375, 402.73468), previous_side: -10.35, current_side: 14.07, side_transition: True, crossing_result: True, direction: A_TO_B
2026-08-29 09:56:24 [INFO] uvh_test.counter: SAFETY NET REJECTION: Rejecting tid=3060 as duplicate of class Two-wheeler, prev_tid=3059, dist=37.9px, thresh=150.0px, bbox_size=129.5x122.0
2026-08-29 09:56:25 [DEBUG] uvh_test.counter: track_id: 3066, frame: 65963, previous_bottom_center: (1557.12109375, 743.7471), current_bottom_center: (1607.661376953125, 631.4754), previous_side: -89.81, current_side: 26.91, side_transition: True, crossing_result: True, direction: A_TO_B
2026-08-29 09:56:25 [DEBUG] uvh_test.counter: track_id: 3067, frame: 65963, previous_bottom_center: (1605.09228515625, 695.6754), current_bottom_center: (1642.083984375, 695.68475), previous_side: -21.95, current_side: 3.18, side_transition: True, crossing_result: True, direction: A_TO_B
2026-08-29 09:56:25 [DEBUG] uvh_test.main: frame=65963 COUNTED track_id=3066 class=Hatchback
2026-08-29 09:56:25 [DEBUG] uvh_test.main: frame=65963 COUNTED track_id=3067 class=SUV
2026-08-29 09:56:26 [DEBUG] uvh_test.counter: track_id: 3063, frame: 65978, previous_bottom_center: (1309.3720703125, 408.8783), current_bottom_center: (1333.5335693359375, 403.32547), previous_side: -12.41, current_side: 8.08, side_transition: True, crossing_result: True, direction: A_TO_B
2026-08-29 09:56:26 [INFO] uvh_test.counter: SAFETY NET REJECTION: Rejecting tid=3063 as duplicate of class Two-wheeler, prev_tid=3059, dist=30.6px, thresh=150.0px, bbox_size=142.6x120.7
2026-08-29 09:56:27 [DEBUG] uvh_test.counter: track_id: 3069, frame: 66025, previous_bottom_center: (1271.6727294921875, 367.8069), current_bottom_center: (1286.1064453125, 365.7514), previous_side: -7.89, current_side: 3.43, side_transition: True, crossing_result: True, direction: A_TO_B
2026-08-29 09:56:27 [DEBUG] uvh_test.main: frame=66025 COUNTED track_id=3069 class=Two-wheeler
2026-08-29 09:56:35 [DEBUG] uvh_test.counter: track_id: 3070, frame: 66390, previous_bottom_center: (1342.257080078125, 454.54678), current_bottom_center: (1376.18505859375, 443.78214), previous_side: -23.58, current_side: 7.37, side_transition: True, crossing_result: True, direction: A_TO_B
2026-08-29 09:56:35 [DEBUG] uvh_test.main: frame=66390 COUNTED track_id=3070 class=Two-wheeler
2026-08-29 09:56:36 [DEBUG] uvh_test.counter: track_id: 3079, frame: 66463, previous_bottom_center: (1558.19580078125, 701.05084), current_bottom_center: (1616.65478515625, 648.5521), previous_side: -57.75, current_side: 20.49, side_transition: True, crossing_result: True, direction: A_TO_B
2026-08-29 09:56:36 [DEBUG] uvh_test.main: frame=66463 COUNTED track_id=3079 class=Two-wheeler
2026-08-29 09:56:36 [DEBUG] uvh_test.counter: track_id: 3073, frame: 66464, previous_bottom_center: (1374.281494140625, 452.9162), current_bottom_center: (1406.093017578125, 453.2204), previous_side: -0.63, current_side: 20.76, side_transition: True, crossing_result: True, direction: A_TO_B
2026-08-29 09:56:36 [DEBUG] uvh_test.counter: track_id: 3072, frame: 66464, previous_bottom_center: (1369.166015625, 502.07693), current_bottom_center: (1512.353271484375, 499.586), previous_side: -40.17, current_side: 58.93, side_transition: True, crossing_result: True, direction: A_TO_B
2026-08-29 09:56:36 [INFO] uvh_test.counter: SAFETY NET REJECTION: Rejecting tid=3072 as duplicate of class Bus, prev_tid=3073, dist=115.9px, thresh=337.2px, bbox_size=449.5x384.3
2026-08-29 09:56:36 [DEBUG] uvh_test.main: frame=66464 COUNTED track_id=3073 class=Bus
2026-08-29 09:56:36 [INFO] uvh_test.counter: SAFETY NET MERGE: Merging current tid=3078 into lost_tid=3072, dist=86.5px
2026-08-29 09:56:36 [INFO] uvh_test.counter: SAFETY NET REJECTION (MERGE PATH): Rejecting tid=3078 as duplicate of class Bus, prev_tid=3073, dist=69.2px, thresh=343.9px
2026-08-29 09:56:37 [DEBUG] uvh_test.counter: track_id: 3071, frame: 66469, previous_bottom_center: (424.74334716796875, 692.6772), current_bottom_center: (1461.08203125, 455.9349), previous_side: -821.66, current_side: 56.13, side_transition: True, crossing_result: True, direction: A_TO_B
2026-08-29 09:56:37 [INFO] uvh_test.counter: SAFETY NET REJECTION: Rejecting tid=3071 as duplicate of class Bus, prev_tid=3073, dist=55.1px, thresh=286.6px, bbox_size=382.2x384.5
2026-08-29 09:56:37 [DEBUG] uvh_test.counter: track_id: 3084, frame: 66497, previous_bottom_center: (1447.41162109375, 535.8481), current_bottom_center: (1481.4921875, 521.2773), previous_side: -11.79, current_side: 22.05, side_transition: True, crossing_result: True, direction: A_TO_B
2026-08-29 09:56:37 [INFO] uvh_test.counter: SAFETY NET REJECTION: Rejecting tid=3084 as duplicate of class Two-wheeler, prev_tid=3070, dist=130.7px, thresh=150.0px, bbox_size=191.9x184.8
2026-08-29 09:56:39 [DEBUG] uvh_test.counter: track_id: 3085, frame: 66544, previous_bottom_center: (1309.55322265625, 401.42255), current_bottom_center: (1336.0948486328125, 395.0262), previous_side: -6.82, current_side: 15.91, side_transition: True, crossing_result: True, direction: A_TO_B
2026-08-29 09:56:39 [DEBUG] uvh_test.main: frame=66544 COUNTED track_id=3085 class=Two-wheeler
2026-08-29 09:56:39 [DEBUG] uvh_test.counter: track_id: 3086, frame: 66547, previous_bottom_center: (1683.811767578125, 743.6896), current_bottom_center: (1694.0447998046875, 743.7015), previous_side: -3.70, current_side: 3.25, side_transition: True, crossing_result: True, direction: A_TO_B
2026-08-29 09:56:39 [DEBUG] uvh_test.main: frame=66547 COUNTED track_id=3086 class=tempo-traveller
2026-08-29 09:56:39 [DEBUG] uvh_test.counter: track_id: 3089, frame: 66572, previous_bottom_center: (1319.987060546875, 407.4664), current_bottom_center: (1350.9072265625, 401.25534), previous_side: -4.16, current_side: 21.40, side_transition: True, crossing_result: True, direction: A_TO_B
2026-08-29 09:56:39 [INFO] uvh_test.counter: SAFETY NET REJECTION: Rejecting tid=3089 as duplicate of class Two-wheeler, prev_tid=3085, dist=16.1px, thresh=150.0px, bbox_size=134.2x117.5
2026-08-29 09:56:46 [DEBUG] uvh_test.counter: track_id: 3090, frame: 66834, previous_bottom_center: (1644.347900390625, 754.06744), current_bottom_center: (1659.92138671875, 705.8508), previous_side: -38.12, current_side: 7.84, side_transition: True, crossing_result: True, direction: A_TO_B
2026-08-29 09:56:46 [DEBUG] uvh_test.counter: track_id: 3093, frame: 66834, previous_bottom_center: (1605.1009521484375, 695.7186), current_bottom_center: (1605.16748046875, 658.7913), previous_side: -21.97, current_side: 5.17, side_transition: True, crossing_result: True, direction: A_TO_B
2026-08-29 09:56:46 [DEBUG] uvh_test.main: frame=66834 COUNTED track_id=3090 class=LCV
2026-08-29 09:56:46 [DEBUG] uvh_test.main: frame=66834 COUNTED track_id=3093 class=Truck
2026-08-29 09:56:47 [DEBUG] uvh_test.counter: track_id: 3094, frame: 66836, previous_bottom_center: (1645.233154296875, 743.72876), current_bottom_center: (1692.593505859375, 707.6611), previous_side: -29.94, current_side: 28.71, side_transition: True, crossing_result: True, direction: A_TO_B
2026-08-29 09:56:47 [INFO] uvh_test.counter: SAFETY NET REJECTION: Rejecting tid=3094 as duplicate of class Truck, prev_tid=3093, dist=100.2px, thresh=300.0px, bbox_size=454.8x384.3
2026-08-29 09:56:47 [DEBUG] uvh_test.counter: track_id: 3091, frame: 66837, previous_bottom_center: (1592.973876953125, 696.1975), current_bottom_center: (1638.525634765625, 695.9628), previous_side: -30.56, current_side: 0.56, side_transition: True, crossing_result: True, direction: A_TO_B
2026-08-29 09:56:47 [INFO] uvh_test.counter: SAFETY NET REJECTION: Rejecting tid=3091 as duplicate of class Truck, prev_tid=3093, dist=49.9px, thresh=300.0px, bbox_size=459.2x384.5
2026-08-29 09:56:55 [DEBUG] uvh_test.counter: track_id: 3098, frame: 67066, previous_bottom_center: (1328.63818359375, 447.62366), current_bottom_center: (1375.32373046875, 434.61945), previous_side: -27.75, current_side: 13.51, side_transition: True, crossing_result: True, direction: A_TO_B
2026-08-29 09:56:55 [DEBUG] uvh_test.main: frame=67066 COUNTED track_id=3098 class=Two-wheeler
2026-08-29 09:56:59 [DEBUG] uvh_test.counter: track_id: 3100, frame: 67132, previous_bottom_center: (1315.342529296875, 407.63107), current_bottom_center: (1341.60400390625, 402.32703), previous_side: -7.44, current_side: 14.30, side_transition: True, crossing_result: True, direction: A_TO_B
2026-08-29 09:56:59 [INFO] uvh_test.counter: SAFETY NET REJECTION: Rejecting tid=3100 as duplicate of class Two-wheeler, prev_tid=3098, dist=46.7px, thresh=150.0px, bbox_size=121.9x119.4
2026-08-29 09:57:01 [DEBUG] uvh_test.counter: track_id: 3106, frame: 67189, previous_bottom_center: (1326.1849365234375, 417.4103), current_bottom_center: (1353.22021484375, 411.23566), previous_side: -7.25, current_side: 15.65, side_transition: True, crossing_result: True, direction: A_TO_B
2026-08-29 09:57:01 [INFO] uvh_test.counter: SAFETY NET REJECTION: Rejecting tid=3106 as duplicate of class Two-wheeler, prev_tid=3098, dist=32.2px, thresh=150.0px, bbox_size=139.2x127.0
2026-08-29 09:57:02 [DEBUG] uvh_test.counter: track_id: 3112, frame: 67209, previous_bottom_center: (1367.4798583984375, 470.12274), current_bottom_center: (1405.307861328125, 458.8915), previous_side: -17.87, current_side: 16.07, side_transition: True, crossing_result: True, direction: A_TO_B
2026-08-29 09:57:02 [INFO] uvh_test.counter: SAFETY NET REJECTION: Rejecting tid=3112 as duplicate of class Two-wheeler, prev_tid=3098, dist=38.6px, thresh=150.0px, bbox_size=146.5x153.2
2026-08-29 09:57:07 [DEBUG] uvh_test.counter: track_id: 3111, frame: 67266, previous_bottom_center: (1314.498779296875, 415.4469), current_bottom_center: (1337.044189453125, 409.62665), previous_side: -13.75, current_side: 5.84, side_transition: True, crossing_result: True, direction: A_TO_B
2026-08-29 09:57:07 [DEBUG] uvh_test.main: frame=67266 COUNTED track_id=3111 class=Two-wheeler
2026-08-29 09:57:10 [DEBUG] uvh_test.counter: track_id: 3129, frame: 67297, previous_bottom_center: (1277.233642578125, 367.64362), current_bottom_center: (1280.892822265625, 363.2121), previous_side: -3.99, current_side: 1.75, side_transition: True, crossing_result: True, direction: A_TO_B
2026-08-29 09:57:10 [DEBUG] uvh_test.main: frame=67297 COUNTED track_id=3129 class=Truck
2026-08-29 09:57:12 [DEBUG] uvh_test.counter: track_id: 3161, frame: 67314, previous_bottom_center: (1337.9559326171875, 427.48996), current_bottom_center: (1363.8232421875, 420.13974), previous_side: -6.65, current_side: 16.32, side_transition: True, crossing_result: True, direction: A_TO_B
2026-08-29 09:57:12 [DEBUG] uvh_test.main: frame=67314 COUNTED track_id=3161 class=tempo-traveller
2026-08-29 09:57:12 [DEBUG] uvh_test.counter: track_id: 3165, frame: 67321, previous_bottom_center: (1665.607666015625, 741.7961), current_bottom_center: (1693.8822021484375, 738.33344), previous_side: -14.68, current_side: 7.08, side_transition: True, crossing_result: True, direction: A_TO_B
2026-08-29 09:57:12 [INFO] uvh_test.counter: TEMPORAL DEDUP: Rejecting tid=3165 as temporal fragment: Fragment of Truck that crossed 24 frames ago, spatial_dist=557.9px
2026-08-29 09:57:12 [DEBUG] uvh_test.counter: track_id: 3120, frame: 67321, previous_bottom_center: (1608.3955078125, 697.3615), current_bottom_center: (1641.7652587890625, 698.1137), previous_side: -20.94, current_side: 1.18, side_transition: True, crossing_result: True, direction: A_TO_B
2026-08-29 09:57:12 [INFO] uvh_test.counter: TEMPORAL DEDUP: Rejecting tid=3120 as temporal fragment: Fragment of Truck that crossed 24 frames ago, spatial_dist=492.3px
2026-08-29 09:57:12 [DEBUG] uvh_test.counter: track_id: 3162, frame: 67324, previous_bottom_center: (1689.4599609375, 755.589), current_bottom_center: (1695.3831787109375, 746.8215), previous_side: -8.59, current_side: 1.87, side_transition: True, crossing_result: True, direction: A_TO_B
2026-08-29 09:57:12 [INFO] uvh_test.counter: TEMPORAL DEDUP: Rejecting tid=3162 as temporal fragment: Fragment of Truck that crossed 27 frames ago, spatial_dist=564.8px
2026-08-29 09:57:13 [DEBUG] uvh_test.counter: track_id: 3160, frame: 67326, previous_bottom_center: (1638.298095703125, 712.1544), current_bottom_center: (1650.293212890625, 700.1904), previous_side: -11.48, current_side: 5.45, side_transition: True, crossing_result: True, direction: A_TO_B
2026-08-29 09:57:13 [INFO] uvh_test.counter: TEMPORAL DEDUP: Rejecting tid=3160 as temporal fragment: Fragment of Truck that crossed 29 frames ago, spatial_dist=500.0px
2026-08-29 09:57:13 [INFO] uvh_test.counter: SAFETY NET MERGE: Merging current tid=3130 into lost_tid=3160, dist=83.7px
2026-08-29 09:57:13 [INFO] uvh_test.counter: TEMPORAL DEDUP (MERGE PATH): Rejecting tid=3130 as temporal fragment: Fragment of Truck that crossed 31 frames ago, spatial_dist=430.6px
2026-08-29 09:57:14 [DEBUG] uvh_test.counter: track_id: 3170, frame: 67349, previous_bottom_center: (1474.684326171875, 547.6967), current_bottom_center: (1511.044677734375, 548.1606), previous_side: -1.96, current_side: 22.40, side_transition: True, crossing_result: True, direction: A_TO_B
2026-08-29 09:57:14 [DEBUG] uvh_test.counter: track_id: 3175, frame: 67349, previous_bottom_center: (1406.6612548828125, 549.1809), current_bottom_center: (1455.2706298828125, 517.1204), previous_side: -49.26, current_side: 7.29, side_transition: True, crossing_result: True, direction: A_TO_B
2026-08-29 09:57:14 [INFO] uvh_test.counter: SAFETY NET REJECTION: Rejecting tid=3175 as duplicate of class Bus, prev_tid=3170, dist=63.8px, thresh=343.8px, bbox_size=458.4x384.3
2026-08-29 09:57:14 [DEBUG] uvh_test.main: frame=67349 COUNTED track_id=3170 class=Bus
2026-08-29 09:57:15 [INFO] uvh_test.main: Wrote results/vc_l2_goods_run_full/tracks.jsonl
2026-08-29 09:57:16 [INFO] uvh_test.main: Wrote goods-vehicle crops for 275 track(s) under results/vc_l2_goods_run_full/goods_tracks
2026-08-29 09:57:16 [INFO] uvh_test.main: Processing complete. Final Counts:
2026-08-29 09:57:16 [INFO] uvh_test.main: Two-wheeler: 264
2026-08-29 09:57:16 [INFO] uvh_test.main: SUV: 39
2026-08-29 09:57:16 [INFO] uvh_test.main: Sedan: 30
2026-08-29 09:57:16 [INFO] uvh_test.main: Bus: 22
2026-08-29 09:57:16 [INFO] uvh_test.main: Truck: 33
2026-08-29 09:57:16 [INFO] uvh_test.main: MUV: 17
2026-08-29 09:57:16 [INFO] uvh_test.main: Hatchback: 10
2026-08-29 09:57:16 [INFO] uvh_test.main: tempo-traveller: 22
2026-08-29 09:57:16 [INFO] uvh_test.main: bicycle: 1
2026-08-29 09:57:16 [INFO] uvh_test.main: Three-wheeler: 32
2026-08-29 09:57:16 [INFO] uvh_test.main: LCV: 31
